class,n_hypotheses
blocking,36
blocking,33
blocking,5
blocking,1
blocking,2
blocking,2
blocking,2
blocking,2
blocking,3
blocking,5
blocking,25
blocking,9
blocking,28
aligned,6
aligned,6
blocking,2
aligned,1
blocking,2
aligned,4
aligned,6
blocking,16
blocking,5
blocking,4
blocking,54
blocking,3
blocking,13
blocking,34
aligned,5
aligned,14
blocking,21
blocking,16
blocking,3
blocking,3
blocking,43
blocking,3
blocking,39
blocking,3
blocking,3
blocking,3
aligned,5
aligned,5
blocking,5
blocking,5
blocking,5
blocking,5
blocking,5
aligned,3
aligned,2
blocking,3
aligned,10
aligned,7
aligned,2
blocking,1
blocking,2
blocking,3
aligned,1
blocking,3
aligned,3
blocking,8
blocking,47
aligned,4
blocking,4
blocking,1
aligned,3
aligned,3
aligned,4
blocking,10
blocking,2
blocking,5
aligned,1
blocking,23
blocking,2
aligned,37
blocking,49
blocking,6
aligned,6
blocking,8
blocking,4
blocking,2
blocking,14
blocking,14
blocking,31
blocking,14
blocking,14
blocking,14
blocking,14
blocking,16
blocking,1
blocking,2
blocking,2
blocking,35
blocking,17
blocking,26
aligned,1
aligned,1
blocking,22
aligned,3
blocking,1
aligned,9
blocking,11
blocking,4
aligned,3
blocking,1
aligned,3
aligned,1
aligned,1
blocking,50
blocking,38
blocking,50
blocking,30
blocking,21
aligned,2
blocking,64
blocking,48
blocking,65
aligned,2
blocking,4
blocking,20
aligned,1
blocking,22
blocking,16
blocking,3
aligned,8
blocking,5
blocking,11
blocking,7
aligned,20
aligned,6
aligned,8
aligned,38
aligned,10
aligned,3
aligned,3
aligned,3
aligned,22
aligned,37
aligned,2
aligned,1
blocking,10
aligned,7
blocking,4
blocking,3
blocking,2
blocking,2
blocking,1
blocking,69
blocking,62
aligned,2
blocking,2
blocking,1
blocking,9
aligned,2
blocking,2
blocking,2
blocking,36
blocking,7
blocking,2
blocking,2
blocking,6
blocking,1
aligned,8
blocking,32
blocking,2
blocking,2
aligned,1
blocking,14
blocking,54
blocking,6
blocking,56
blocking,6
blocking,5
blocking,53
blocking,54
aligned,2
blocking,7
blocking,2
blocking,2
blocking,5
blocking,14
blocking,14
blocking,4
blocking,30
aligned,20
blocking,76
blocking,70
blocking,56
blocking,76
aligned,21
blocking,4
blocking,3
blocking,1
blocking,4
blocking,4
blocking,27
blocking,11
blocking,5
blocking,12
blocking,25
blocking,31
blocking,31
blocking,3
blocking,10
blocking,51
blocking,2
blocking,70
blocking,70
blocking,1
blocking,5
blocking,4
blocking,4
blocking,3
blocking,23
blocking,9
blocking,24
aligned,1
aligned,1
aligned,4
aligned,9
blocking,3
blocking,2
aligned,55
aligned,18
aligned,7
aligned,15
aligned,4
blocking,33
blocking,5
aligned,1
aligned,3
blocking,1
blocking,16
blocking,10
aligned,72
blocking,3
aligned,2
aligned,3
blocking,2
blocking,2
blocking,19
