outcome_accession	risk_coded	outcome_source	trait	n_case	n_control	coding_basis
FINNGEN_R12_AB1_CHOLERA	True	finngen	Cholera	1571	444292	case_control: effect on case status, positive beta = higher risk
FINNGEN_R12_AB1_GASTROENTERITIS_NOS	True	finngen	Diarrhoea and gastroenteritis of presumed infectious origin	39997	444292	case_control: effect on case status, positive beta = higher risk
FINNGEN_R12_AB1_GONOCOCCAL	True	finngen	Gonococcal infection	1163	485458	case_control: effect on case status, positive beta = higher risk
FINNGEN_R12_AB1_OTHER_BACTERIAL	True	finngen	Other bacterial diseases	61300	439048	case_control: effect on case status, positive beta = higher risk
FINNGEN_R12_AB1_OTHER_CONDITIONS	True	finngen	Human immunodeficiency virus [HIV] disease resulting in other conditions	530	499754	case_control: effect on case status, positive beta = higher risk
FINNGEN_R12_AB1_OTHER_MYCOBAC	True	finngen	Infection due to other mycobacteria	534	439048	case_control: effect on case status, positive beta = higher risk
FINNGEN_R12_AB1_SYPHILIS	True	finngen	Syphilis	869	485458	case_control: effect on case status, positive beta = higher risk
FINNGEN_R12_AB1_TUBERCULOSIS	True	finngen	Tuberculosis, wide	3063	497285	case_control: effect on case status, positive beta = higher risk
FINNGEN_R12_ABDOM_HERNIA	True	finngen	Hernia of abdominal wall	21210	479138	case_control: effect on case status, positive beta = higher risk
FINNGEN_R12_ALCODELIRIUM	True	finngen	Alcohol withdrawal state with delirium 	2605	497743	case_control: effect on case status, positive beta = higher risk
FINNGEN_R12_ALLERG_ASTHMA	True	finngen	Allergic asthma (mode)	13450	270290	case_control: effect on case status, positive beta = higher risk
FINNGEN_R12_ANOSMIA	True	finngen	Anosmia	980	111976	case_control: effect on case status, positive beta = higher risk
FINNGEN_R12_ANTIDEPRESSANTS	True	finngen	Depression medications	149403	111976	case_control: effect on case status, positive beta = higher risk
FINNGEN_R12_AUTOIMMUNE	True	finngen	Autoimmune diseases	128075	372273	case_control: effect on case status, positive beta = higher risk
FINNGEN_R12_BLEEDING	True	finngen	Bleeding	49027	451321	case_control: effect on case status, positive beta = higher risk
FINNGEN_R12_C3_AML_MDS_EXALLC	True	finngen	Acute myeloid leukaemia and myelodysplastic syndromes, excluding all cancers (controls excluding all cancers)	1249	378296	case_control: effect on case status, positive beta = higher risk
FINNGEN_R12_C3_BILIARY_GALLBLADDER_EXALLC	True	finngen	Malignant neoplasm of intrahepatic ducts, biliary tract and gallbladder, excluding all cancers (controls excluding all cancers)	2298	378749	case_control: effect on case status, positive beta = higher risk
FINNGEN_R12_C3_BRAIN_EXALLC	True	finngen	Malignant neoplasm of brain, excluding all cancers (controls excluding all cancers)	1894	378749	case_control: effect on case status, positive beta = higher risk
FINNGEN_R12_C3_BREAST_ERPLUS_EXALLC	True	finngen	Malignant neoplasm of breast, ER-positive, excluding all cancers (controls excluding all cancers)	14540	221705	case_control: effect on case status, positive beta = higher risk
FINNGEN_R12_C3_BREAST_EXALLC	True	finngen	Malignant neoplasm of breast, excluding all cancers (controls excluding all cancers)	24270	222078	case_control: effect on case status, positive beta = higher risk
FINNGEN_R12_C3_BRONCHUS_LUNG_EXALLC	True	finngen	Malignant neoplasm of bronchus and lung, excluding all cancers (controls excluding all cancers)	9639	378749	case_control: effect on case status, positive beta = higher risk
FINNGEN_R12_C3_CANCER_EXALLC	True	finngen	Malignant neoplasm, excluding all cancers (controls excluding all cancers)	121495	378749	case_control: effect on case status, positive beta = higher risk
FINNGEN_R12_C3_CIRCULATING_LYMPHOID	True	finngen	Rare circulating lymphoid malignancy	1044	499304	case_control: effect on case status, positive beta = higher risk
FINNGEN_R12_C3_CLL_EXALLC	True	finngen	Chronic lymphocytic leukaemia and small lyphocytis leukaemia, excluding all cancers (controls excluding all cancers)	935	378742	case_control: effect on case status, positive beta = higher risk
FINNGEN_R12_C3_COLON_ADENO_EXALLC	True	finngen	Colon adenocarcinoma, excluding all cancers (controls excluding all cancers)	4478	378749	case_control: effect on case status, positive beta = higher risk
FINNGEN_R12_C3_COLORECTAL_ADENO_EXALLC	True	finngen	Colorectal adenocarcinoma, excluding all cancers (controls excluding all cancers)	7876	378749	case_control: effect on case status, positive beta = higher risk
FINNGEN_R12_C3_CORPUS_UTERI_EXALLC	True	finngen	Malignant neoplasm of corpus uteri, excluding all cancers (controls excluding all cancers)	3490	222078	case_control: effect on case status, positive beta = higher risk
FINNGEN_R12_C3_DLBCL_EXALLC	True	finngen	Diffuse large B-cell lymphoma, excluding all cancers (controls excluding all cancers)	1505	378749	case_control: effect on case status, positive beta = higher risk
FINNGEN_R12_C3_EYE_ADNEXA_EXALLC	True	finngen	Malignant neoplasm of eye and adnexa, excluding all cancers (controls excluding all cancers)	554	378749	case_control: effect on case status, positive beta = higher risk
FINNGEN_R12_C3_GBM_ASTROCYTOMA_EXALLC	True	finngen	Brain glioblastoma and astrocytoma, excluding all cancers (controls excluding all cancers)	544	378749	case_control: effect on case status, positive beta = higher risk
FINNGEN_R12_C3_HEPATOCELLU_CARC_EXALLC	True	finngen	Hepatocellular carcinoma, excluding all cancers (controls excluding all cancers)	947	378749	case_control: effect on case status, positive beta = higher risk
FINNGEN_R12_C3_KIDNEY_CLEAR_CELL_CARCINOMA_EXALLC	True	finngen	Clear cell adenocarcinoma of kidney, excluding all cancers (controls excluding all cancers)	1499	378749	case_control: effect on case status, positive beta = higher risk
FINNGEN_R12_C3_LUNG_NONSMALL_EXALLC	True	finngen	Non-small cell lung cancer, excluding all cancers (controls excluding all cancers)	6446	378749	case_control: effect on case status, positive beta = higher risk
FINNGEN_R12_C3_MARGINAL_ZONE_LYMPHOMA_EXALLC	True	finngen	Marginal zone B-cell lymphoma, excluding all cancers (controls excluding all cancers)	513	378749	case_control: effect on case status, positive beta = higher risk
FINNGEN_R12_C3_MELANOMA_EXALLC	True	finngen	Malignant melanoma, excluding all cancers (controls excluding all cancers)	6925	378368	case_control: effect on case status, positive beta = higher risk
FINNGEN_R12_C3_MENINGIOMA_EXALLC	True	finngen	Brain meningioma, excluding all cancers (controls excluding all cancers)	1835	377674	case_control: effect on case status, positive beta = higher risk
FINNGEN_R12_C3_MYELOMA_MONOCLONAL_EXALLC	True	finngen	Multiple myeloma, Monoclonal gammopathy of undetermined significance (MGUS), excluding all cancers (controls excluding all cancers)	2951	377997	case_control: effect on case status, positive beta = higher risk
FINNGEN_R12_C3_NSCLC_SQUAM_EXALLC	True	finngen	Non-small cell lung cancer, squamous, excluding all cancers (controls excluding all cancers)	1898	378749	case_control: effect on case status, positive beta = higher risk
FINNGEN_R12_C3_OVARY_EXALLC	True	finngen	Malignant neoplasm of ovary, excluding all cancers (controls excluding all cancers)	2339	222078	case_control: effect on case status, positive beta = higher risk
FINNGEN_R12_C3_PANCREAS_ADENO_DUCTAL_EXALLC	True	finngen	Adenocarcinoma and ductal carcinoma of pancreas, excluding all cancers (controls excluding all cancers)	1130	378749	case_control: effect on case status, positive beta = higher risk
FINNGEN_R12_C3_PANCREAS_EXALLC	True	finngen	Malignant neoplasm of pancreas, excluding all cancers (controls excluding all cancers)	3139	378749	case_control: effect on case status, positive beta = higher risk
FINNGEN_R12_C3_RECTUM_ADENO	True	finngen	Adenocarcinoma and papilloma adenocarcinoma of rectum	3461	496887	case_control: effect on case status, positive beta = higher risk
FINNGEN_R12_C3_RECTUM_ADENO_MUCINO_EXALLC	True	finngen	Adenocarcinoma, papilloma adenocarcinoma and mucinous carcinomas of rectum, excluding all cancers (controls excluding all cancers)	3768	378749	case_control: effect on case status, positive beta = higher risk
FINNGEN_R12_C3_SCLC_EXALLC	True	finngen	Small cell lung cancer, excluding all cancers (controls excluding all cancers)	909	378749	case_control: effect on case status, positive beta = higher risk
FINNGEN_R12_C3_SQUOMOUS_CELL_CARCINOMA_SKIN_EXALLC	True	finngen	Squamous cell neoplasms and carcinomas of the skin, excluding all cancers (controls excluding all cancers)	4663	378749	case_control: effect on case status, positive beta = higher risk
FINNGEN_R12_C3_STOMACH_ADENO_EXALLC	True	finngen	Adenocarcinoma and papillary adenocarcinoma of stomach, excluding all cancers (controls excluding all cancers)	1023	378749	case_control: effect on case status, positive beta = higher risk
FINNGEN_R12_C3_STOMACH_EXALLC	True	finngen	Malignant neoplasm of stomach, excluding all cancers (controls excluding all cancers)	2296	378749	case_control: effect on case status, positive beta = higher risk
FINNGEN_R12_C3_TESTIS_EXALLC	True	finngen	Malignant neoplasm of testis, excluding all cancers (controls excluding all cancers)	687	156671	case_control: effect on case status, positive beta = higher risk
FINNGEN_R12_C3_THYROID_GLAND_EXALLC	True	finngen	Malignant neoplasm of thyroid gland, excluding all cancers (controls excluding all cancers)	2859	378749	case_control: effect on case status, positive beta = higher risk
FINNGEN_R12_C3_THYROID_PAPILLARY_ADENO_EXALLC	True	finngen	Papillary adenocarcinoma of thyroid gland, excluding all cancers (controls excluding all cancers)	2400	378749	case_control: effect on case status, positive beta = higher risk
FINNGEN_R12_CD2_BENIGN_BONE_CARTILAGE	True	finngen	Benign neoplasm of bone and articular cartilage	3326	497022	case_control: effect on case status, positive beta = higher risk
FINNGEN_R12_CD2_BENIGN_MOUTH_PHARYNX	True	finngen	Benign neoplasm of mouth and pharynx	4257	496091	case_control: effect on case status, positive beta = higher risk
FINNGEN_R12_CD2_BENIGN_PITUITARY_CRANIPHAR	True	finngen	Benign neoplasm: Pituitary gland, craniopharyngeal duct	1893	498455	case_control: effect on case status, positive beta = higher risk
FINNGEN_R12_CD2_BENIGN_SALIVARY_KNOWN	True	finngen	Benign neoplasm: salivary glands, exclude unknown (D119)	3265	497083	case_control: effect on case status, positive beta = higher risk
FINNGEN_R12_CD2_BENIGN_URINARY	True	finngen	Benign neoplasm of urinary organs	1603	498745	case_control: effect on case status, positive beta = higher risk
FINNGEN_R12_CD2_FOLLICULAR_LYMPHOMA_EXALLC	True	finngen	Follicular lymphoma, hilmo (controls excluding all cancers)	1435	378749	case_control: effect on case status, positive beta = higher risk
FINNGEN_R12_CD2_HODGKIN_LYMPHOMA_EXALLC	True	finngen	Hodgkin lymphoma, hilmo (controls excluding all cancers)	1033	378749	case_control: effect on case status, positive beta = higher risk
FINNGEN_R12_CD2_INSITU_BLADDER_EXALLC	True	finngen	Carcinoma in situ, bladder (controls excluding all cancers)	1034	378741	case_control: effect on case status, positive beta = higher risk
FINNGEN_R12_CD2_INSITU_BREAST_INTRADUCTAL_EXALLC	True	finngen	Carcinoma in situ of breast, intraductal (controls excluding all cancers)	3030	222001	case_control: effect on case status, positive beta = higher risk
FINNGEN_R12_CD2_NONFOLLICULAR_LYMPHOMA_EXALLC	True	finngen	Non-follicular lymphoma (controls excluding all cancers)	3500	378749	case_control: effect on case status, positive beta = higher risk
FINNGEN_R12_CD2_PRIMARY_LYMPHOID_HEMATOPOIETIC_EXALLC	True	finngen	Primary_lymphoid and hematopoietic malignant neoplasms (controls excluding all cancers)	9960	378749	case_control: effect on case status, positive beta = higher risk
FINNGEN_R12_CHARCOT	True	finngen	Charcot foot	594	360342	case_control: effect on case status, positive beta = higher risk
FINNGEN_R12_CREST	True	finngen	CR(E)ST syndrome	514	499834	case_control: effect on case status, positive beta = higher risk
FINNGEN_R12_D3_ANAEMIA	True	finngen	Anaemias	37924	111976	case_control: effect on case status, positive beta = higher risk
FINNGEN_R12_D3_IMMUDEF	True	finngen	Immunodeficiencies	1747	498601	case_control: effect on case status, positive beta = higher risk
FINNGEN_R12_D3_IMMUNEMECHANISM	True	finngen	Certain disorders involving the immune mechanism	8037	492311	case_control: effect on case status, positive beta = higher risk
FINNGEN_R12_D3_ITP	True	finngen	Idiopathic thrombocytopenic purpura	1064	492275	case_control: effect on case status, positive beta = higher risk
FINNGEN_R12_D3_SARCOIDOSIS	True	finngen	Sarcoidosis	5411	492311	case_control: effect on case status, positive beta = higher risk
FINNGEN_R12_DM_MACULOPATHY	True	finngen	Diabetic maculopathy	4603	82287	case_control: effect on case status, positive beta = higher risk
FINNGEN_R12_DM_NEOVASCULAR_GLAUCOMA	True	finngen	Neovascular glaucoma	1494	485314	case_control: effect on case status, positive beta = higher risk
FINNGEN_R12_DM_NEPHROPATHY	True	finngen	Diabetic nephropathy	5579	90951	case_control: effect on case status, positive beta = higher risk
FINNGEN_R12_DRY_AMD	True	finngen	Dry age-related macular degeneration (includes geographic atrophy)	8570	329258	case_control: effect on case status, positive beta = higher risk
FINNGEN_R12_E4_AMYLNAS	True	finngen	Amyloidosis, other/unspecified	573	420066	case_control: effect on case status, positive beta = higher risk
FINNGEN_R12_E4_ENDOGLAND	True	finngen	Disorders of other endocrine glands	21279	479069	case_control: effect on case status, positive beta = higher risk
FINNGEN_R12_E4_GRAVES_STRICT	True	finngen	Graves disease, strict definition	3962	496386	case_control: effect on case status, positive beta = higher risk
FINNGEN_R12_E4_HYPERCHOL	True	finngen	Pure hypercholesterolaemia	42985	420066	case_control: effect on case status, positive beta = higher risk
FINNGEN_R12_E4_HYPERGLYCER	True	finngen	Pure hyperglyceridaemia	789	420066	case_control: effect on case status, positive beta = higher risk
FINNGEN_R12_E4_HYPERPRO	True	finngen	Hyperprolactinaemia	1330	479069	case_control: effect on case status, positive beta = higher risk
FINNGEN_R12_E4_HYPOPARA	True	finngen	Hypoparathyroidism	1249	479069	case_control: effect on case status, positive beta = higher risk
FINNGEN_R12_E4_LIPOPROT	True	finngen	Disorders of lipoprotein metabolism and other lipidaemias	59366	420066	case_control: effect on case status, positive beta = higher risk
FINNGEN_R12_E4_OBESITYXTRMALV	True	finngen	Extreme obesity with alveolar hypoventilation	1415	468849	case_control: effect on case status, positive beta = higher risk
FINNGEN_R12_E4_PCOS_CONCORTIUM	True	finngen	Polycystic ovarian syndrome, consortium definition	42630	239434	case_control: effect on case status, positive beta = higher risk
FINNGEN_R12_F5_ALCOHOL_DEPENDENCE	True	finngen	Alcohol dependence	12599	468475	case_control: effect on case status, positive beta = higher risk
FINNGEN_R12_F5_ANOREX	True	finngen	Anorexia (incl.atypical)	2621	484901	case_control: effect on case status, positive beta = higher risk
FINNGEN_R12_F5_DELIRIUM	True	finngen	Delirium, not induced by alcohol and other psychoactive substances	4381	469981	case_control: effect on case status, positive beta = higher risk
FINNGEN_R12_F5_DEMENTIA_INCLAVO	True	finngen	Dementia, including avohilmo	26681	473667	case_control: effect on case status, positive beta = higher risk
FINNGEN_R12_F5_GAD	True	finngen	Generalized anxiety disorder	7148	444414	case_control: effect on case status, positive beta = higher risk
FINNGEN_R12_F5_MOOD	True	finngen	Mood [affective] disorders	65517	434831	case_control: effect on case status, positive beta = higher risk
FINNGEN_R12_F5_OCD	True	finngen	Obsessive-compulsive disorder	2813	444414	case_control: effect on case status, positive beta = higher risk
FINNGEN_R12_F5_PANIC	True	finngen	Panic disorder	6911	444414	case_control: effect on case status, positive beta = higher risk
FINNGEN_R12_F5_PHOBANX	True	finngen	Phobic anxiety disorders	6248	444414	case_control: effect on case status, positive beta = higher risk
FINNGEN_R12_F5_PSYCHOTH	True	finngen	Other and unspecified nonorganic psychotic disorders	8976	484776	case_control: effect on case status, positive beta = higher risk
FINNGEN_R12_F5_PTSD	True	finngen	Post-traumatic stress disorder	3444	444414	case_control: effect on case status, positive beta = higher risk
FINNGEN_R12_F5_SCHIZOAFF	True	finngen	Schizoaffective disorder	3095	484776	case_control: effect on case status, positive beta = higher risk
FINNGEN_R12_F5_SOCPHOB	True	finngen	Social phobias	3754	444414	case_control: effect on case status, positive beta = higher risk
FINNGEN_R12_F5_SUBSNOALCO	True	finngen	Substance use, excluding alcohol	8840	468475	case_control: effect on case status, positive beta = higher risk
FINNGEN_R12_F5_VASCDEM	True	finngen	Vascular dementia	3624	475484	case_control: effect on case status, positive beta = higher risk
FINNGEN_R12_FG_CVD	True	finngen	Cardiovascular diseases (excluding rheumatic etc)	247538	252810	case_control: effect on case status, positive beta = higher risk
FINNGEN_R12_FG_OTHHEART	True	finngen	Other heart diseases	106069	252810	case_control: effect on case status, positive beta = higher risk
FINNGEN_R12_G6_ALS	True	finngen	Motor neuron disease	667	216760	case_control: effect on case status, positive beta = higher risk
FINNGEN_R12_G6_BELLPA	True	finngen	Bell's palsy	4800	435371	case_control: effect on case status, positive beta = higher risk
FINNGEN_R12_G6_BRACHPLE	True	finngen	Brachial plexus disorders	3899	435371	case_control: effect on case status, positive beta = higher risk
FINNGEN_R12_G6_CARPTU	True	finngen	Carpal tunnel syndrome	31181	435371	case_control: effect on case status, positive beta = higher risk
FINNGEN_R12_G6_CPETAL	True	finngen	Cerebral palsy and other paralytic syndromes	4661	495687	case_control: effect on case status, positive beta = higher risk
FINNGEN_R12_G6_EPIPAROX	True	finngen	Episodal and paroxysmal disorders	125743	374605	case_control: effect on case status, positive beta = higher risk
FINNGEN_R12_G6_GUILBAR	True	finngen	Guillain-Barre syndrome	551	491583	case_control: effect on case status, positive beta = higher risk
FINNGEN_R12_G6_HCNP	True	finngen	Normal-pressure hydrocephalus	1680	497451	case_control: effect on case status, positive beta = higher risk
FINNGEN_R12_G6_MS	True	finngen	MS-disease / Multiple Sclerosis	2926	495931	case_control: effect on case status, positive beta = higher risk
FINNGEN_R12_G6_NEUINFL	True	finngen	Inflammatory diseases of the central nervous system	3261	497087	case_control: effect on case status, positive beta = higher risk
FINNGEN_R12_G6_POLYOTHUNS	True	finngen	Other and unspecified polyneuropathies, also in other diseases	7512	491583	case_control: effect on case status, positive beta = higher risk
FINNGEN_R12_G6_TRINEU	True	finngen	Trigeminal neuralgia	2226	435371	case_control: effect on case status, positive beta = higher risk
FINNGEN_R12_GEST_DIABETES	True	finngen	Gestational diabetes (for exclusion)	18581	263483	case_control: effect on case status, positive beta = higher risk
FINNGEN_R12_GRAVES_OPHT	True	finngen	Graves ophthalmopathy	858	499490	case_control: effect on case status, positive beta = higher risk
FINNGEN_R12_H7_ALLERGICCONJUNCTIVITIS	True	finngen	Allergic conjunctivitis	29791	470557	case_control: effect on case status, positive beta = higher risk
FINNGEN_R12_H7_AMD	True	finngen	Age-related macular degeneration (whether dry or wet)	12495	461686	case_control: effect on case status, positive beta = higher risk
FINNGEN_R12_H7_CHORIORETINFLAM	True	finngen	Chorioretinal inflammation	1015	455449	case_control: effect on case status, positive beta = higher risk
FINNGEN_R12_H7_CONJUNCTIVITIS	True	finngen	Conjunctivitis	41074	454779	case_control: effect on case status, positive beta = higher risk
FINNGEN_R12_H7_GLAUCOMA_NTG	True	finngen	Normotensive glaucoma	2938	473757	case_control: effect on case status, positive beta = higher risk
FINNGEN_R12_H7_IRIDOCYCLITIS	True	finngen	Iridocyclitis	9958	473095	case_control: effect on case status, positive beta = higher risk
FINNGEN_R12_H7_OTHRETARTOCC	True	finngen	Other retinal artery occlusion	780	455449	case_control: effect on case status, positive beta = higher risk
FINNGEN_R12_H7_PTERYGIUM	True	finngen	Pterygium	968	454779	case_control: effect on case status, positive beta = higher risk
FINNGEN_R12_H7_VASCCILIARY	True	finngen	Hyphaema and other vascular disorders of iris and ciliary body	665	473095	case_control: effect on case status, positive beta = higher risk
FINNGEN_R12_H8_MENIERE	True	finngen	Ménière disease	3680	474839	case_control: effect on case status, positive beta = higher risk
FINNGEN_R12_I9_ANEURYSM	True	finngen	Cerebral aneurysm, nonruptured	3310	453828	case_control: effect on case status, positive beta = higher risk
FINNGEN_R12_I9_CARDARR	True	finngen	Cardiac arrest	3011	252810	case_control: effect on case status, positive beta = higher risk
FINNGEN_R12_I9_CAVS_OPERATED	True	finngen	Calcific aortic valvular stenosis, operated	12418	487930	case_control: effect on case status, positive beta = higher risk
FINNGEN_R12_I9_DISVEINLYMPH	True	finngen	Diseases of veins, lymphatic vessels and lymph nodes, not elsewhere classified	68125	432223	case_control: effect on case status, positive beta = higher risk
FINNGEN_R12_I9_HYPERTROCARDMYOP	True	finngen	Hypertrophic cardiomyopathy	1376	498972	case_control: effect on case status, positive beta = higher risk
FINNGEN_R12_I9_ICH	True	finngen	Intracerebral haemorrhage	5112	450016	case_control: effect on case status, positive beta = higher risk
FINNGEN_R12_I9_INTRACRA	True	finngen	Nontraumatic intracranial haemmorrhage	8638	453828	case_control: effect on case status, positive beta = higher risk
FINNGEN_R12_I9_LYMPHADE	True	finngen	Nonspecific lymphadenitis	2476	432223	case_control: effect on case status, positive beta = higher risk
FINNGEN_R12_I9_MYOCARD	True	finngen	Myocarditis	2062	252810	case_control: effect on case status, positive beta = higher risk
FINNGEN_R12_I9_NONISCHCARDMYOP	True	finngen	Non-ischemic cardiomyopathy	13917	402343	case_control: effect on case status, positive beta = higher risk
FINNGEN_R12_I9_POSTAMI	True	finngen	Status post-ami	3757	416171	case_control: effect on case status, positive beta = higher risk
FINNGEN_R12_I9_PROGVASC	True	finngen	Progressive vascular leukoencephalopathy	1096	453828	case_control: effect on case status, positive beta = higher risk
FINNGEN_R12_I9_PULMEMB	True	finngen	Pulmonary embolism	12762	486319	case_control: effect on case status, positive beta = higher risk
FINNGEN_R12_I9_SAH	True	finngen	Subarachnoid haemorrhage	4180	450276	case_control: effect on case status, positive beta = higher risk
FINNGEN_R12_I9_UAP	True	finngen	Unstable angina pectoris	17428	443161	case_control: effect on case status, positive beta = higher risk
FINNGEN_R12_I9_VTE	True	finngen	Venous thromboembolism	26333	474015	case_control: effect on case status, positive beta = higher risk
FINNGEN_R12_IPF	True	finngen	Idiopathic pulmonary fibrosis	2700	494583	case_control: effect on case status, positive beta = higher risk
FINNGEN_R12_J10_ASBESTPNEUMOC	True	finngen	Pneumoconiosis due to asbestos and other mineral fibres	807	494595	case_control: effect on case status, positive beta = higher risk
FINNGEN_R12_J10_ASTHMA_EXMORE	True	finngen	Asthma (more control exclusions)	59100	259839	case_control: effect on case status, positive beta = higher risk
FINNGEN_R12_J10_BRONCHIECTASIS	True	finngen	Bronchiectasis	2932	409070	case_control: effect on case status, positive beta = higher risk
FINNGEN_R12_J10_INFLUPNEU	True	finngen	Influenza and pneumonia	84810	415538	case_control: effect on case status, positive beta = higher risk
FINNGEN_R12_J10_NASALPOLYP	True	finngen	Nasal polyp	8496	371520	case_control: effect on case status, positive beta = higher risk
FINNGEN_R12_J10_UPPERDIS	True	finngen	Other diseases of upper respiratory tract	128828	371520	case_control: effect on case status, positive beta = higher risk
FINNGEN_R12_JUVEN_ARTHR	True	finngen	Juvenile arthritis (FINNGEN)	1994	374317	case_control: effect on case status, positive beta = higher risk
FINNGEN_R12_K11_ACUTPANC	True	finngen	Acute pancreatitis	8446	437418	case_control: effect on case status, positive beta = higher risk
FINNGEN_R12_K11_APPENDACUT	True	finngen	Acute appendicitis	38933	458424	case_control: effect on case status, positive beta = higher risk
FINNGEN_R12_K11_CHOLANGI	True	finngen	Cholangitis (primary sclerosing, PSC)	2317	437418	case_control: effect on case status, positive beta = higher risk
FINNGEN_R12_K11_CHRONGASTR	True	finngen	Chronic gastritis	12441	423785	case_control: effect on case status, positive beta = higher risk
FINNGEN_R12_K11_CHRONPANC	True	finngen	Chronic pancreatitis	4820	437418	case_control: effect on case status, positive beta = higher risk
FINNGEN_R12_K11_CONSTIPATION	True	finngen	Constipation	51956	448392	case_control: effect on case status, positive beta = higher risk
FINNGEN_R12_K11_FUNCDYSP	True	finngen	Functional dyspepsia	12179	423785	case_control: effect on case status, positive beta = higher risk
FINNGEN_R12_K11_GASTRODUOULC	True	finngen	Gastroduodenal ulcer	12074	423785	case_control: effect on case status, positive beta = higher risk
FINNGEN_R12_K11_HEPFAIL	True	finngen	Hepatic failure, not elsewhere classified	1272	485213	case_control: effect on case status, positive beta = higher risk
FINNGEN_R12_K11_ILEUS	True	finngen	Paralytic ileus and intestinal obstruction	11750	394725	case_control: effect on case status, positive beta = higher risk
FINNGEN_R12_K11_INTESTOTH	True	finngen	Other diseases of intestines	105623	394725	case_control: effect on case status, positive beta = higher risk
FINNGEN_R12_K11_LICHEN_PLANUS_WIDE	True	finngen	Lichen ruber planus, wide definition including periferal and oral lichen planus	8507	491841	case_control: effect on case status, positive beta = higher risk
FINNGEN_R12_K11_OESITIS	True	finngen	Oesophagitis	2046	423785	case_control: effect on case status, positive beta = higher risk
FINNGEN_R12_K11_ORAL	True	finngen	Diseases of oral cavity, salivary glands and jaws	190088	310260	case_control: effect on case status, positive beta = higher risk
FINNGEN_R12_K11_ORAL_LICHEN_PLANUS	True	finngen	Oral lichen ruber planus	795	499553	case_control: effect on case status, positive beta = higher risk
FINNGEN_R12_K11_OTHILEUS	True	finngen	Other or unspecified ileus, impaction or obstruction	8037	394725	case_control: effect on case status, positive beta = higher risk
FINNGEN_R12_K11_STOMATITIS	True	finngen	Stomatitis and related lesions	3437	310260	case_control: effect on case status, positive beta = higher risk
FINNGEN_R12_K11_TOXLIV	True	finngen	Toxic liver disease	520	485213	case_control: effect on case status, positive beta = higher risk
FINNGEN_R12_K11_UC_STRICT2	True	finngen	Ulcerative colitis (strict definition, require KELA, min 2 HDR)	7220	492160	case_control: effect on case status, positive beta = higher risk
FINNGEN_R12_KRA_PSY_ANYMENTAL	True	finngen	Any mental disorder	138044	362304	case_control: effect on case status, positive beta = higher risk
FINNGEN_R12_KRA_PSY_CODUCTEMOT_EXMORE	True	finngen	Mixed disorders of conduct and emotions (more control exclusions)	933	362304	case_control: effect on case status, positive beta = higher risk
FINNGEN_R12_KRA_PSY_EATING_EXMORE	True	finngen	Eating disorder (more control exclusions)	3923	362304	case_control: effect on case status, positive beta = higher risk
FINNGEN_R12_KRA_PSY_SCHIZODEL_EXMORE	True	finngen	Schizophrenia or delusion (more control exclusions)	15498	362304	case_control: effect on case status, positive beta = higher risk
FINNGEN_R12_L12_ALLERGICCONTACT	True	finngen	Allergic contact dermatitis	5926	432874	case_control: effect on case status, positive beta = higher risk
FINNGEN_R12_L12_ALOPECAREATA	True	finngen	Alopecia areata	956	476404	case_control: effect on case status, positive beta = higher risk
FINNGEN_R12_L12_DERMATITISECZEMA	True	finngen	Dermatitis and eczema	67474	432874	case_control: effect on case status, positive beta = higher risk
FINNGEN_R12_L12_DISORDSKINAPPENDIX	True	finngen	Disorders of skin appendages	23944	476404	case_control: effect on case status, positive beta = higher risk
FINNGEN_R12_L12_ERYTHEMAMULTIF	True	finngen	Erythema multiforme	832	482901	case_control: effect on case status, positive beta = higher risk
FINNGEN_R12_L12_GRANULOMATOUSSKIN	True	finngen	Granulomatous disorders of skin and subcutaneous tissue	947	465673	case_control: effect on case status, positive beta = higher risk
FINNGEN_R12_L12_HIDRADENITISSUP	True	finngen	Hidradenitis suppurativa	1364	476404	case_control: effect on case status, positive beta = higher risk
FINNGEN_R12_L12_LICHSIMPANDPRURIGO	True	finngen	Lichen simplex chronicus and prurigo	2381	432874	case_control: effect on case status, positive beta = higher risk
FINNGEN_R12_L12_OTHERSKINSUBCUTIS	True	finngen	Other disorders of skin and subcutaneous tissue	34675	465673	case_control: effect on case status, positive beta = higher risk
FINNGEN_R12_L12_PARAPSORI	True	finngen	Parapsoriasis	678	482181	case_control: effect on case status, positive beta = higher risk
FINNGEN_R12_L12_PEMPHIGOID_BULL	True	finngen	Bullous pemphigoid	701	498266	case_control: effect on case status, positive beta = higher risk
FINNGEN_R12_L12_PRURIGONOD	True	finngen	Prurigo nodularis	844	432874	case_control: effect on case status, positive beta = higher risk
FINNGEN_R12_L12_PSORI_PUSTUPALM	True	finngen	Pustulosis palmaris et plantaris	1525	482181	case_control: effect on case status, positive beta = higher risk
FINNGEN_R12_L12_SCARCONDITIONS	True	finngen	Scar conditions and fibrosis of skin	1495	465673	case_control: effect on case status, positive beta = higher risk
FINNGEN_R12_L12_URTICARIA	True	finngen	Urticaria	13990	482901	case_control: effect on case status, positive beta = higher risk
FINNGEN_R12_M13_ADHCAPSULITIS	True	finngen	Adhesive capsulitis of shoulder	7372	357549	case_control: effect on case status, positive beta = higher risk
FINNGEN_R12_M13_ANKYLOSPON	True	finngen	Ankylosing spondylitis	3838	353224	case_control: effect on case status, positive beta = higher risk
FINNGEN_R12_M13_ARTHROPATHIES	True	finngen	Arthropathies	185233	315115	case_control: effect on case status, positive beta = higher risk
FINNGEN_R12_M13_ARTHROSIS_INCLAVO	True	finngen	Artrosis, including avohilmo	136897	363451	case_control: effect on case status, positive beta = higher risk
FINNGEN_R12_M13_ARTHROSIS_KNEE	True	finngen	Gonarthrosis	61356	315115	case_control: effect on case status, positive beta = higher risk
FINNGEN_R12_M13_DORSOPATHY	True	finngen	Dorsopathies	147124	353224	case_control: effect on case status, positive beta = higher risk
FINNGEN_R12_M13_DUPUTRYEN	True	finngen	Palmar fascial fibromatosis [Dupuytren]	6766	357549	case_control: effect on case status, positive beta = higher risk
FINNGEN_R12_M13_FIBROMYALGIA	True	finngen	Fibromyalgia	3623	357549	case_control: effect on case status, positive beta = higher risk
FINNGEN_R12_M13_GIANTCELL	True	finngen	Giant cell arteritis	1387	484260	case_control: effect on case status, positive beta = higher risk
FINNGEN_R12_M13_LATERALEPICOND	True	finngen	Lateral epicondylitis	5911	357549	case_control: effect on case status, positive beta = higher risk
FINNGEN_R12_M13_NEURALGIA	True	finngen	Neuralgia and neuritis, unspecified	1972	357549	case_control: effect on case status, positive beta = higher risk
FINNGEN_R12_M13_PLANTARFASC	True	finngen	Plantar fascial fibromatosis	4020	357549	case_control: effect on case status, positive beta = higher risk
FINNGEN_R12_M13_POLYMYALGIA	True	finngen	Polymyalgia rheumatica	4992	484260	case_control: effect on case status, positive beta = higher risk
FINNGEN_R12_M13_PSORIARTH	True	finngen	Psoriatic arthropathies	4290	315115	case_control: effect on case status, positive beta = higher risk
FINNGEN_R12_M13_RADICULOPATHY	True	finngen	Radiculopathy	7349	353224	case_control: effect on case status, positive beta = higher risk
FINNGEN_R12_M13_REACTARTH	True	finngen	Reactive arthropathies	3779	315115	case_control: effect on case status, positive beta = higher risk
FINNGEN_R12_M13_ROTATORCUFF	True	finngen	Rotator cuff syndrome	33117	357549	case_control: effect on case status, positive beta = higher risk
FINNGEN_R12_M13_SJOGREN	True	finngen	Sicca syndrome [Sjögren]	3309	484260	case_control: effect on case status, positive beta = higher risk
FINNGEN_R12_M13_SYNOTEND	True	finngen	Disorders of synovium and tendon	28818	357549	case_control: effect on case status, positive beta = higher risk
FINNGEN_R12_M13_SYSTCONNECT	True	finngen	Systemic connective tissue disorders	16088	484260	case_control: effect on case status, positive beta = higher risk
FINNGEN_R12_M13_SYSTSLCE	True	finngen	Systemic sclerosis	854	484260	case_control: effect on case status, positive beta = higher risk
FINNGEN_R12_M13_TORTICOLLIS	True	finngen	Torticollis	643	353224	case_control: effect on case status, positive beta = higher risk
FINNGEN_R12_M13_WEGENER	True	finngen	Wegener granulomatosis	537	484260	case_control: effect on case status, positive beta = higher risk
FINNGEN_R12_MACULAR_HOLE	True	finngen	Macular hole	1849	455449	case_control: effect on case status, positive beta = higher risk
FINNGEN_R12_MIGRAINE_TRIPTAN	True	finngen	Migraine, single triptan purchase ok & required. ICD-code if available is included	55116	445232	case_control: effect on case status, positive beta = higher risk
FINNGEN_R12_N14_ENDOMETRIOSIS_UTERUS	True	finngen	Adenomyosis (Endometriosis of uterus)	5673	130160	case_control: effect on case status, positive beta = higher risk
FINNGEN_R12_N14_FEMALEGENINF	True	finngen	Inflammatory diseases of female pelvic organs	31500	250564	case_control: effect on case status, positive beta = higher risk
FINNGEN_R12_N14_FEMALEGENNONINF	True	finngen	Noninflammatory disorders of female genital tract	151904	130160	case_control: effect on case status, positive beta = higher risk
FINNGEN_R12_N14_FEMALE_GENITAL_DYSPLASIA_ALL	True	finngen	All dysplastic lesions of the cervix uteri, vagina or vulva	13239	268825	case_control: effect on case status, positive beta = higher risk
FINNGEN_R12_N14_IGA_NEPHROPATHY	True	finngen	IgA nephropathy (IgA glomerulonephritis)	822	499526	case_control: effect on case status, positive beta = higher risk
FINNGEN_R12_N14_NEPHROTICSYND	True	finngen	Nephrotic syndrome	1106	492922	case_control: effect on case status, positive beta = higher risk
FINNGEN_R12_N14_PYELONEPHR	True	finngen	Acute tubulo-interstitial nephritis	33228	447142	case_control: effect on case status, positive beta = higher risk
FINNGEN_R12_N14_URINOTH	True	finngen	Other diseases of urinary system	97020	403328	case_control: effect on case status, positive beta = higher risk
FINNGEN_R12_O15_COMPLIC_LAB_DELIV	True	finngen	Complications of labour and delivery	67139	214925	case_control: effect on case status, positive beta = higher risk
FINNGEN_R12_O15_EXCESS_VOMIT_PREG	True	finngen	Excessive vomiting in pregnancy	3329	237906	case_control: effect on case status, positive beta = higher risk
FINNGEN_R12_O15_PLAC_PRAEVIA	True	finngen	Placenta praevia	1815	221186	case_control: effect on case status, positive beta = higher risk
FINNGEN_R12_O15_POOR_FETGRO	True	finngen	Poor fetal growth	5315	276749	case_control: effect on case status, positive beta = higher risk
FINNGEN_R12_O15_POSTPART_HEAMORRH_ALLW	True	finngen	Postpartum haemorrhage	11734	270330	case_control: effect on case status, positive beta = higher risk
FINNGEN_R12_O15_PREEC_OR_FETGRO	True	finngen	Pre-eclampsia or poor fetal growth	14303	267761	case_control: effect on case status, positive beta = higher risk
FINNGEN_R12_OSTPOPATFRCTURE_POSTEMENO	True	finngen	Postmenopausal osteoporosis with pathological fracture	2001	279785	case_control: effect on case status, positive beta = higher risk
FINNGEN_R12_PD2ND_EXMORE	True	finngen	Secondary parkinsonism (more control exclusions)	946	216760	case_control: effect on case status, positive beta = higher risk
FINNGEN_R12_POLLENALLERG	True	finngen	Pollen allergy	8776	487439	case_control: effect on case status, positive beta = higher risk
FINNGEN_R12_Q17_CHROMOSOMAL_ABNORMALITI_NOT_ELSEW_CLASSIFIED	True	finngen	Chromosomal abnormalities, not elsewhere classified	646	499702	case_control: effect on case status, positive beta = higher risk
FINNGEN_R12_RX_ANTIHYP	True	finngen	Antihypertensive medication - note that there are other indications	273281	227067	case_control: effect on case status, positive beta = higher risk
FINNGEN_R12_RX_CROHN_1STLINE	True	finngen	First line medication for Crohn's disease	106320	394028	case_control: effect on case status, positive beta = higher risk
FINNGEN_R12_RX_RHEUMA_BIOLOGICAL	True	finngen	Biological medication for rheuma	6733	493615	case_control: effect on case status, positive beta = higher risk
FINNGEN_R12_ST19_FRACT_LOWER_LEG_INCLU_ANKLE	True	finngen	Fracture of lower leg, including ankle	28218	423508	case_control: effect on case status, positive beta = higher risk
FINNGEN_R12_ST19_FRACT_LUMBAR_SPINE_PELVIS	True	finngen	Fracture of lumbar spine and pelvis	9061	481639	case_control: effect on case status, positive beta = higher risk
FINNGEN_R12_TBC_RESP	True	finngen	Respiratory tuberculosis	2226	497387	case_control: effect on case status, positive beta = higher risk
FINNGEN_R12_THROMBOCYTAEMIA	True	finngen	Essential (haemorrhagic) thrombocythaemia	1307	377885	case_control: effect on case status, positive beta = higher risk
FINNGEN_R12_U22_COVID19_CONFIRMED	True	finngen	Covid-19 confirmed case	12478	478886	case_control: effect on case status, positive beta = higher risk
FINNGEN_R12_ULCERPROCT	True	finngen	Ulcerative proctitis	2417	476577	case_control: effect on case status, positive beta = higher risk
FINNGEN_R12_WET_AMD	True	finngen	Wet age-related macular degeneration	6699	331070	case_control: effect on case status, positive beta = higher risk
GCST003219	True	gwas_catalog	Advanced age-related macular degeneration	16144	17832	case_control: effect on case status, positive beta = higher risk
GCST003740	True	gwas_catalog	Barrett's esophagus  or Esophageal adenocarcinoma	10279	17159	case_control: effect on case status, positive beta = higher risk
GCST004744	True	gwas_catalog	Lung adenocarcinoma	11273	55483	case_control: effect on case status, positive beta = higher risk
GCST005528	True	gwas_catalog	Juvenile idiopathic arthritis (oligoarticular or rheumatoid factor-negative polyarticular)	2816	13056	case_control: effect on case status, positive beta = higher risk
GCST006085	True	gwas_catalog	Prostate cancer	79148	61106	case_control: effect on case status, positive beta = higher risk
GCST006464	True	gwas_catalog	Endometrial cancer	12906	108979	case_control: effect on case status, positive beta = higher risk
GCST007228	True	gwas_catalog	Pulmonary arterial hypertension	2085	9659	case_control: effect on case status, positive beta = higher risk
GCST008226	True	gwas_catalog	Renal cell carcinoma	3227	4916	case_control: effect on case status, positive beta = higher risk
GCST010005	True	gwas_catalog	Membranous nephropathy	2150	5829	case_control: effect on case status, positive beta = higher risk
GCST010098	True	gwas_catalog	Breast cancer	133384	113789	case_control: effect on case status, positive beta = higher risk
GCST010100	True	gwas_catalog	Breast cancer (triple negative or BRCA1-positive)	18016	100971	case_control: effect on case status, positive beta = higher risk
GCST010514	True	gwas_catalog	Autism spectrum disorder	22916	32504	case_control: effect on case status, positive beta = higher risk
GCST90000514	True	gwas_catalog	Gastroesophageal reflux disease	129080	473524	case_control: effect on case status, positive beta = higher risk
GCST90011820	True	gwas_catalog	Endometrial cancer	2037	219656	case_control: effect on case status, positive beta = higher risk
GCST90011858	True	gwas_catalog	Pancreatic cancer	1317	1616	case_control: effect on case status, positive beta = higher risk
GCST90013442	True	gwas_catalog	Keratoconus	2116	24626	case_control: effect on case status, positive beta = higher risk
GCST90016564	True	gwas_catalog	Irritable bowel syndrome	53400	433201	case_control: effect on case status, positive beta = higher risk
GCST90027164	True	gwas_catalog	Amyotrophic lateral sclerosis	27205	110881	case_control: effect on case status, positive beta = higher risk
GCST90027899	True	gwas_catalog	Eosinophilic esophagitis	1930	13634	case_control: effect on case status, positive beta = higher risk
GCST90041807	True	gwas_catalog	Colon cancer (PheCode 153.2)	3221	453127	case_control: effect on case status, positive beta = higher risk
GCST90041857	True	gwas_catalog	Malignant neoplasm of bladder (PheCode 189.21)	2264	454084	case_control: effect on case status, positive beta = higher risk
GCST90041879	True	gwas_catalog	Worrier / anxious feelings (UKB data field 1980)	251982	192422	case_control: effect on case status, positive beta = higher risk
GCST90041903	True	gwas_catalog	Cancer code, self-reported: uterine/endometrial cancer (UKB data field 20001_1040)	1143	246365	case_control: effect on case status, positive beta = higher risk
GCST90042671	True	gwas_catalog	Illnesses of father: Stroke (UKB data field 20107_2)	61995	335148	case_control: effect on case status, positive beta = higher risk
GCST90042674	True	gwas_catalog	Illnesses of father: Chronic bronchitis/emphysema (UKB data field 20107_6)	45946	351009	case_control: effect on case status, positive beta = higher risk
GCST90042860	True	gwas_catalog	Benign neoplasm of colon (PheCode 208)	19026	437322	case_control: effect on case status, positive beta = higher risk
GCST90042861	True	gwas_catalog	Seen doctor for nerves anxiety tension or depression (UKB data field 2090)	156442	296621	case_control: effect on case status, positive beta = higher risk
GCST90043725	True	gwas_catalog	Substance addiction and disorders (PheCode 316)	1303	455045	case_control: effect on case status, positive beta = higher risk
GCST90044359	True	gwas_catalog	Blood clot, DVT, bronchitis, emphysema, asthma, rhinitis, eczema, allergy diagnosed by doctor: PHESANT recoding (UKB data field 6152_100)	309586	145863	case_control: effect on case status, positive beta = higher risk
GCST90061440	True	gwas_catalog	Primary biliary cholangitis	8021	16489	case_control: effect on case status, positive beta = higher risk
GCST90077683	True	gwas_catalog	Pleurisy	1711	330043	case_control: effect on case status, positive beta = higher risk
GCST90078261	True	gwas_catalog	Illnesses of father - Chronic bronchitis emphysema (UKB data field 20107)	44472	375126	case_control: effect on case status, positive beta = higher risk
GCST90078308	True	gwas_catalog	Bipolar and major depression status - No Bipolar or Depression (UKB data field 20126)	74867	28963	case_control: effect on case status, positive beta = higher risk
GCST90078639	True	gwas_catalog	Anxiety, nerves or generalized anxiety disorder (UKB data field 20544)	19743	24570	case_control: effect on case status, positive beta = higher risk
GCST90078814	True	gwas_catalog	Degree bothered by urinary frequency bladder irritability in the last three months - 600 Not bothered at all (UKB data field 21058)	85424	69620	case_control: effect on case status, positive beta = higher risk
GCST90078870	True	gwas_catalog	Other eye problems (UKB data field 2227)	68925	360799	case_control: effect on case status, positive beta = higher risk
GCST90079457	True	gwas_catalog	Hayfever, allergic rhinitis or eczema (UKB data field 6152)	101576	39385	case_control: effect on case status, positive beta = higher risk
GCST90079643	True	gwas_catalog	ICD10 C92: Myeloid leukemia	572	387341	case_control: effect on case status, positive beta = higher risk
GCST90079708	True	gwas_catalog	ICD10 D61: Other aplastic anemias and other bone marrow failure syndromes	645	387116	case_control: effect on case status, positive beta = higher risk
GCST90079793	True	gwas_catalog	ICD10 F10: Alcohol related disorders	114302	230584	case_control: effect on case status, positive beta = higher risk
GCST90079899	True	gwas_catalog	ICD10 H34: Retinal vascular occlusions	972	386217	case_control: effect on case status, positive beta = higher risk
GCST90079910	True	gwas_catalog	ICD10 H43.1: Vitreous hemorrhage	620	387305	case_control: effect on case status, positive beta = higher risk
GCST90079970	True	gwas_catalog	ICD10 I21.1: ST elevation (STEMI) myocardial infarction of inferior wall	2404	385526	case_control: effect on case status, positive beta = higher risk
GCST90079971	True	gwas_catalog	ICD10 I21.4: Non-ST elevation (NSTEMI) myocardial infarction	1862	386068	case_control: effect on case status, positive beta = higher risk
GCST90079973	True	gwas_catalog	ICD10 I21: Acute myocardial infarction	10907	375797	case_control: effect on case status, positive beta = higher risk
GCST90080035	True	gwas_catalog	ICD10 I63: Cerebral infarction	4520	382615	case_control: effect on case status, positive beta = higher risk
GCST90080079	True	gwas_catalog	ICD10 I89.0: Lymphedema, not elsewhere classified	766	386832	case_control: effect on case status, positive beta = higher risk
GCST90080155	True	gwas_catalog	ICD10 J96.0: Acute respiratory failure	503	387427	case_control: effect on case status, positive beta = higher risk
GCST90080288	True	gwas_catalog	ICD10 K76.0: Fatty (change of) liver, not elsewhere classified	2432	385498	case_control: effect on case status, positive beta = higher risk
GCST90080875	True	gwas_catalog	ICD10 R53.82: Chronic fatigue, unspecified	4932	372337	case_control: effect on case status, positive beta = higher risk
GCST90081069	True	gwas_catalog	ICD10 T81.149.88: Postprocedural shock	16135	368843	case_control: effect on case status, positive beta = higher risk
GCST90081377	True	gwas_catalog	ICD10 Z87.891.: Personal history of nicotine dependence	48661	326806	case_control: effect on case status, positive beta = higher risk
GCST90081409	True	gwas_catalog	ICD10 Z92.6: Personal history of chemotherapy for neoplastic disease	4641	383289	case_control: effect on case status, positive beta = higher risk
GCST90081456	True	gwas_catalog	Ischemic stroke	6260	270409	case_control: effect on case status, positive beta = higher risk
GCST90086073	True	gwas_catalog	Dyslipidemia	30244	26393	case_control: effect on case status, positive beta = higher risk
GCST90086128	True	gwas_catalog	Neuropsychiatric disorders	8624	48013	case_control: effect on case status, positive beta = higher risk
GCST90104006	True	gwas_catalog	Familial combined hyperlipidemia defined by Consensus criteria	39961	309261	case_control: effect on case status, positive beta = higher risk
GCST90104087	True	gwas_catalog	Parkinson's disease	16521	547618	case_control: effect on case status, positive beta = higher risk
GCST90104460	True	gwas_catalog	Cystic fibrosis-related diabetes in cystic fibrosis	1426	2682	case_control: effect on case status, positive beta = higher risk
GCST90104539	True	gwas_catalog	Stroke	73652	1234808	case_control: effect on case status, positive beta = higher risk
GCST90104540	True	gwas_catalog	Ischemic stroke	62100	1234808	case_control: effect on case status, positive beta = higher risk
GCST90134433	True	gwas_catalog	Sporadic vestibular schwannoma	911	5500	case_control: effect on case status, positive beta = higher risk
GCST90162630	True	gwas_catalog	Juvenile dermatomyositis	851	12232	case_control: effect on case status, positive beta = higher risk
GCST90244167	True	gwas_catalog	Non-mucinous epithelial ovarian cancer	23394	105724	case_control: effect on case status, positive beta = higher risk
GCST90244168	True	gwas_catalog	High-grade serous epithelial ovarian cancer	15588	105724	case_control: effect on case status, positive beta = higher risk
GCST90244169	True	gwas_catalog	Low-grade serous epithelial ovarian cancer	2749	105724	case_control: effect on case status, positive beta = higher risk
GCST90244170	True	gwas_catalog	Endometrioid epithelial ovarian cancer	2877	105724	case_control: effect on case status, positive beta = higher risk
GCST90244171	True	gwas_catalog	Clear cell epithelial ovarian cancer	1427	105724	case_control: effect on case status, positive beta = higher risk
GCST90244172	True	gwas_catalog	Mucinous epithelial ovarian cancer	2587	105724	case_control: effect on case status, positive beta = higher risk
GCST90245818	True	gwas_catalog	acne vulgaris	34422	364991	case_control: effect on case status, positive beta = higher risk
GCST90246358	True	gwas_catalog	Cervical cancer	8624	400573	case_control: effect on case status, positive beta = higher risk
GCST90255375	True	gwas_catalog	Acute pancreatitis	10630	844679	case_control: effect on case status, positive beta = higher risk
GCST90255675	True	gwas_catalog	Colorectal cancer	78473	107143	case_control: effect on case status, positive beta = higher risk
GCST90255676	True	gwas_catalog	Colorectal cancer	73673	86854	case_control: effect on case status, positive beta = higher risk
GCST90268400	True	gwas_catalog	Central serous chorioretinopathy	552	343461	case_control: effect on case status, positive beta = higher risk
GCST90270866	True	gwas_catalog	Any infection (hospital admission)	123508	577141	case_control: effect on case status, positive beta = higher risk
GCST90271612	True	gwas_catalog	Genetic generalized epilepsy	6952	42436	case_control: effect on case status, positive beta = higher risk
GCST90271613	True	gwas_catalog	Focal epilepsy	14939	42436	case_control: effect on case status, positive beta = higher risk
GCST90271615	True	gwas_catalog	Juvenile absence epilepsy	662	42436	case_control: effect on case status, positive beta = higher risk
GCST90271616	True	gwas_catalog	Childhood absence epilepsy	1049	42436	case_control: effect on case status, positive beta = higher risk
GCST90274714	True	gwas_catalog	Prostate cancer	122188	604640	case_control: effect on case status, positive beta = higher risk
GCST90275147	True	gwas_catalog	Attention deficit hyperactivity disorder (adjusted for age, sex)	21738	36548	case_control: effect on case status, positive beta = higher risk
GCST90275150	True	gwas_catalog	Autism (adjusted for age, sex)	18235	36741	case_control: effect on case status, positive beta = higher risk
GCST90296097	True	gwas_catalog	Dilated cardiomyopathy	1303	5281	case_control: effect on case status, positive beta = higher risk
GCST90296098	True	gwas_catalog	Pulmonary hypertension	2047	8301	case_control: effect on case status, positive beta = higher risk
GCST90296484	True	gwas_catalog	Biliary atresia	811	4654	case_control: effect on case status, positive beta = higher risk
GCST90296666	True	gwas_catalog	Lyme disease	25355	592376	case_control: effect on case status, positive beta = higher risk
GCST90297588	True	gwas_catalog	ICD10 C18, C19, C20: colorectal cancer (CNV mirror model)	6200	212260	case_control: effect on case status, positive beta = higher risk
GCST90301252	True	gwas_catalog	Dupuytren's disease	11320	47023	case_control: effect on case status, positive beta = higher risk
GCST90320057	True	gwas_catalog	Kidney cancer	25890	743585	case_control: effect on case status, positive beta = higher risk
GCST90399686	True	gwas_catalog	Asthma	121940	1254131	case_control: effect on case status, positive beta = higher risk
GCST90399720	True	gwas_catalog	Idiopathic pulmonary fibrosis	6257	947616	case_control: effect on case status, positive beta = higher risk
GCST90406924	True	gwas_catalog	Multiple system atrophy	888	7128	case_control: effect on case status, positive beta = higher risk
GCST90428789	True	gwas_catalog	Peripheral artery disease	7307	400784	case_control: effect on case status, positive beta = higher risk
GCST90429795	True	gwas_catalog	Hand eczema	2879	16249	case_control: effect on case status, positive beta = higher risk
GCST90432157	True	gwas_catalog	Early-onset myasthenia gravis	1391	22407	case_control: effect on case status, positive beta = higher risk
GCST90435608	True	gwas_catalog	Malignant neoplasm of uterus (PheCode 182)	1284	381967	case_control: effect on case status, positive beta = higher risk
GCST90435613	True	gwas_catalog	Malignant neoplasm of testis (PheCode 187.2)	2981	401788	case_control: effect on case status, positive beta = higher risk
GCST90435781	True	gwas_catalog	Other disorders of metabolism (PheCode 277)	1424	407537	case_control: effect on case status, positive beta = higher risk
GCST90435852	True	gwas_catalog	Swelling, mass, or lump in head and neck [Space-occupying lesion, intracranial NOS] (PheCode 293.1)	907	405975	case_control: effect on case status, positive beta = higher risk
GCST90444373	True	gwas_catalog	Alzheimer's disease	138558	1013726	case_control: effect on case status, positive beta = higher risk
GCST90448695	True	gwas_catalog	Breakthrough COVID-19 susceptibility after at least one dose of a COVID-19 vaccine	74662	240661	case_control: effect on case status, positive beta = higher risk
GCST90449046	True	gwas_catalog	Alzheimer's disease or dementia (clinical, registry and proxy cases)  (r-XCI inactivation)	115841	613671	case_control: effect on case status, positive beta = higher risk
GCST90449058	True	gwas_catalog	Alzheimer's disease (MTAG)	71880	383378	case_control: effect on case status, positive beta = higher risk
GCST90451757	True	gwas_catalog	Venous thromboembolism	44223	847152	case_control: effect on case status, positive beta = higher risk
GCST90454202	True	gwas_catalog	ICD10 C53: Malignant neoplasm of cervix uteri	3408	291883	case_control: effect on case status, positive beta = higher risk
GCST90454203	True	gwas_catalog	ICD10 C56: Malignant neoplasm of ovary	1797	293494	case_control: effect on case status, positive beta = higher risk
GCST90454204	True	gwas_catalog	ICD10 D25: Leiomyoma of uterus	51378	243913	case_control: effect on case status, positive beta = higher risk
GCST90454213	True	gwas_catalog	ICD10 N80: Endometriosis	19588	213669	case_control: effect on case status, positive beta = higher risk
GCST90454222	True	gwas_catalog	ICD10 N96: Habitual aborter	1456	220140	case_control: effect on case status, positive beta = higher risk
GCST90454345	True	gwas_catalog	Breast cancer (luminal A)	57400	91477	case_control: effect on case status, positive beta = higher risk
GCST90454348	True	gwas_catalog	Breast cancer (HER2-enriched)	6400	91477	case_control: effect on case status, positive beta = higher risk
GCST90472771	True	gwas_catalog	Psoriasis	36466	458078	case_control: effect on case status, positive beta = higher risk
GCST90473003	True	gwas_catalog	Barrett's esophagus  or Esophageal adenocarcinoma	4107	12534	case_control: effect on case status, positive beta = higher risk
GCST90473019	True	gwas_catalog	ICD10 A15: Respiratory tuberculosis, bacteriologically and histologically confirmed	2406	456034	case_control: effect on case status, positive beta = higher risk
GCST90473050	True	gwas_catalog	ICD10 B02: Zoster [herpes zoster]	17856	440584	case_control: effect on case status, positive beta = higher risk
GCST90473091	True	gwas_catalog	ICD10 B54: Unspecified malaria	744	457696	case_control: effect on case status, positive beta = higher risk
GCST90473113	True	gwas_catalog	ICD10 D50-D53: Nutritional anemias	32917	425523	case_control: effect on case status, positive beta = higher risk
GCST90473130	True	gwas_catalog	ICD10 D60-D64: Aplastic and other anemias and other bone marrow failure syndromes	34171	424269	case_control: effect on case status, positive beta = higher risk
GCST90473132	True	gwas_catalog	ICD10 D61: Other aplastic anaemias	1628	456812	case_control: effect on case status, positive beta = higher risk
GCST90473198	True	gwas_catalog	ICD10 E50-E64: Other nutritional deficiencies	12000	446440	case_control: effect on case status, positive beta = higher risk
GCST90473214	True	gwas_catalog	ICD10 E70-E88: Metabolic disorders	139278	319162	case_control: effect on case status, positive beta = higher risk
GCST90473243	True	gwas_catalog	ICD10 F05: Delirium, not induced by alcohol and other psychoactive substances	8461	449979	case_control: effect on case status, positive beta = higher risk
GCST90473305	True	gwas_catalog	ICD10 G12: Spinal muscular atrophy and related syndromes	787	457653	case_control: effect on case status, positive beta = higher risk
GCST90473587	True	gwas_catalog	ICD10 I63: Cerebral infarction	10206	448234	case_control: effect on case status, positive beta = higher risk
GCST90473715	True	gwas_catalog	ICD10 J47: Bronchiectasis	6822	451618	case_control: effect on case status, positive beta = higher risk
GCST90473764	True	gwas_catalog	ICD10 K12: Stomatitis and related lesions	4234	454206	case_control: effect on case status, positive beta = higher risk
GCST90473790	True	gwas_catalog	ICD10 K30: Dyspepsia	18905	439535	case_control: effect on case status, positive beta = higher risk
GCST90473831	True	gwas_catalog	ICD10 K55-K64: Other diseases of intestines	170732	287708	case_control: effect on case status, positive beta = higher risk
GCST90473884	True	gwas_catalog	ICD10 K85: Acute pancreatitis	4688	453752	case_control: effect on case status, positive beta = higher risk
GCST90473917	True	gwas_catalog	ICD10 L20-L30: Dermatitis and eczema	70720	387720	case_control: effect on case status, positive beta = higher risk
GCST90475170	True	gwas_catalog	Colon cancer/rectal cancer	6064	309604	case_control: effect on case status, positive beta = higher risk
GCST90475241	True	gwas_catalog	Biological Father: Coronary Artery / Coronary Heart Disease	78584	237084	case_control: effect on case status, positive beta = higher risk
GCST90475272	True	gwas_catalog	Chronic lung diseases including COPD, Emphysema and Bronchitis	38732	276936	case_control: effect on case status, positive beta = higher risk
GCST90475553	True	gwas_catalog	Viral hepatitis C (PheCode 70.3)	19171	428932	case_control: effect on case status, positive beta = higher risk
GCST90475558	True	gwas_catalog	Screening for other diseases and disorders (PheCode 1010.3)	156707	212038	case_control: effect on case status, positive beta = higher risk
GCST90475567	True	gwas_catalog	Colon cancer (PheCode 153.2)	9125	438096	case_control: effect on case status, positive beta = higher risk
GCST90475568	True	gwas_catalog	Cancer of liver and intrahepatic bile duct (PheCode 155)	3353	446757	case_control: effect on case status, positive beta = higher risk
GCST90475575	True	gwas_catalog	Skin cancer	83801	347397	case_control: effect on case status, positive beta = higher risk
GCST90475577	True	gwas_catalog	Melanomas of skin, dx or hx (PheCode 172.1)	45274	389597	case_control: effect on case status, positive beta = higher risk
GCST90475582	True	gwas_catalog	Basal cell carcinoma (PheCode 172.21)	31142	404406	case_control: effect on case status, positive beta = higher risk
GCST90475583	True	gwas_catalog	Squamous cell carcinoma (PheCode 172.22)	19217	419674	case_control: effect on case status, positive beta = higher risk
GCST90475591	True	gwas_catalog	Cancer of prostate (PheCode 185)	42997	368045	case_control: effect on case status, positive beta = higher risk
GCST90475593	True	gwas_catalog	Cancer of urinary organs (incl. kidney and bladder) (PheCode 189)	17444	429350	case_control: effect on case status, positive beta = higher risk
GCST90475595	True	gwas_catalog	Cancer of kidney and renal pelvis (PheCode 189.1)	6344	443213	case_control: effect on case status, positive beta = higher risk
GCST90475598	True	gwas_catalog	Cancer of bladder (PheCode 189.2)	11744	436406	case_control: effect on case status, positive beta = higher risk
GCST90475603	True	gwas_catalog	Malignant neoplasm of head, face, and neck (PheCode 195.3)	4578	442171	case_control: effect on case status, positive beta = higher risk
GCST90475606	True	gwas_catalog	Neoplasm of uncertain behavior (PheCode 199)	18252	403292	case_control: effect on case status, positive beta = higher risk
GCST90475608	True	gwas_catalog	Myeloproliferative disease (PheCode 200)	5924	441114	case_control: effect on case status, positive beta = higher risk
GCST90475609	True	gwas_catalog	Polycythemia vera (PheCode 200.1)	2102	447939	case_control: effect on case status, positive beta = higher risk
GCST90475611	True	gwas_catalog	Leukemia (PheCode 204)	6503	443163	case_control: effect on case status, positive beta = higher risk
GCST90475612	True	gwas_catalog	Lymphoid leukemia (PheCode 204.1)	3177	447521	case_control: effect on case status, positive beta = higher risk
GCST90475614	True	gwas_catalog	Myeloid leukemia (PheCode 204.2)	1387	449599	case_control: effect on case status, positive beta = higher risk
GCST90475615	True	gwas_catalog	Multiple myeloma (PheCode 204.4)	1638	449163	case_control: effect on case status, positive beta = higher risk
GCST90475617	True	gwas_catalog	Benign neoplasm of colon (PheCode 208)	125095	270155	case_control: effect on case status, positive beta = higher risk
GCST90475618	True	gwas_catalog	Lipoma (PheCode 214)	14648	418993	case_control: effect on case status, positive beta = higher risk
GCST90475647	True	gwas_catalog	Hypothyroidism (PheCode 244)	62814	378321	case_control: effect on case status, positive beta = higher risk
GCST90475658	True	gwas_catalog	Diabetes mellitus (PheCode 250)	154958	276347	case_control: effect on case status, positive beta = higher risk
GCST90475661	True	gwas_catalog	Type 1 diabetes (PheCode 250.1)	16971	418767	case_control: effect on case status, positive beta = higher risk
GCST90475667	True	gwas_catalog	Type 2 diabetes (PheCode 250.2)	154194	278454	case_control: effect on case status, positive beta = higher risk
GCST90475676	True	gwas_catalog	Type 2 diabetes with neurological manifestations (PheCode 250.24)	59205	375439	case_control: effect on case status, positive beta = higher risk
GCST90475686	True	gwas_catalog	Polyneuropathy in diabetes (PheCode 250.6)	18533	421371	case_control: effect on case status, positive beta = higher risk
GCST90475689	True	gwas_catalog	Diabetic retinopathy (PheCode 250.7)	29668	402541	case_control: effect on case status, positive beta = higher risk
GCST90475696	True	gwas_catalog	Testicular dysfunction (PheCode 257)	24723	382971	case_control: effect on case status, positive beta = higher risk
GCST90475715	True	gwas_catalog	Disorders of lipid metabolism (PheCode 272)	335948	90622	case_control: effect on case status, positive beta = higher risk
GCST90475718	True	gwas_catalog	Hyperlipidemia (PheCode 272.1)	335680	90923	case_control: effect on case status, positive beta = higher risk
GCST90475724	True	gwas_catalog	Hyperglyceridemia (PheCode 272.12)	17425	419299	case_control: effect on case status, positive beta = higher risk
GCST90475727	True	gwas_catalog	Mixed hyperlipidemia (PheCode 272.13)	98406	315322	case_control: effect on case status, positive beta = higher risk
GCST90475731	True	gwas_catalog	Gout and other crystal arthrop (PheCode 274)	44197	393782	case_control: effect on case status, positive beta = higher risk
GCST90475740	True	gwas_catalog	Chondrocalcinosis (PheCode 274.21)	2468	445620	case_control: effect on case status, positive beta = higher risk
GCST90475748	True	gwas_catalog	Hypercalcemia (PheCode 275.6)	5723	440450	case_control: effect on case status, positive beta = higher risk
GCST90475759	True	gwas_catalog	Overweight, obesity and other hyperalimentation (PheCode 278)	187880	218356	case_control: effect on case status, positive beta = higher risk
GCST90475765	True	gwas_catalog	Morbid obesity (PheCode 278.11)	45933	385784	case_control: effect on case status, positive beta = higher risk
GCST90475779	True	gwas_catalog	Hereditary hemolytic anemias (PheCode 282)	1029	448955	case_control: effect on case status, positive beta = higher risk
GCST90475781	True	gwas_catalog	Other hemoglobinopathies (PheCode 282.8)	799	449680	case_control: effect on case status, positive beta = higher risk
GCST90475796	True	gwas_catalog	Coagulation defects (PheCode 286)	12262	427221	case_control: effect on case status, positive beta = higher risk
GCST90475802	True	gwas_catalog	Hypercoagulable state (PheCode 286.8)	2636	447006	case_control: effect on case status, positive beta = higher risk
GCST90475807	True	gwas_catalog	Purpura and other hemorrhagic conditions (PheCode 287)	21153	412574	case_control: effect on case status, positive beta = higher risk
GCST90475812	True	gwas_catalog	Diseases of white blood cells (PheCode 288)	18630	406005	case_control: effect on case status, positive beta = higher risk
GCST90475817	True	gwas_catalog	Neutropenia (PheCode 288.11)	4197	443510	case_control: effect on case status, positive beta = higher risk
GCST90475821	True	gwas_catalog	Other diseases of blood and blood-forming organs (PheCode 289)	4311	438179	case_control: effect on case status, positive beta = higher risk
GCST90475824	True	gwas_catalog	Sleep apnea	152031	278027	case_control: effect on case status, positive beta = higher risk
GCST90475825	True	gwas_catalog	Obstructive sleep apnea (PheCode 327.32)	126695	303630	case_control: effect on case status, positive beta = higher risk
GCST90475826	True	gwas_catalog	Insomnia (PheCode 327.4)	78566	329572	case_control: effect on case status, positive beta = higher risk
GCST90475829	True	gwas_catalog	Restless legs syndrome (PheCode 327.71)	15475	428445	case_control: effect on case status, positive beta = higher risk
GCST90475830	True	gwas_catalog	Parkinson's disease	8704	440252	case_control: effect on case status, positive beta = higher risk
GCST90475832	True	gwas_catalog	Essential tremor (PheCode 333.1)	13720	429794	case_control: effect on case status, positive beta = higher risk
GCST90475844	True	gwas_catalog	Hereditary and idiopathic peripheral neuropathy (PheCode 356)	36894	386060	case_control: effect on case status, positive beta = higher risk
GCST90475859	True	gwas_catalog	Retinal edema (PheCode 362.9)	5397	440745	case_control: effect on case status, positive beta = higher risk
GCST90475869	True	gwas_catalog	Glaucoma	81303	349418	case_control: effect on case status, positive beta = higher risk
GCST90475872	True	gwas_catalog	Open-angle glaucoma (PheCode 365.1)	56207	377826	case_control: effect on case status, positive beta = higher risk
GCST90475876	True	gwas_catalog	Primary angle-closure glaucoma (PheCode 365.2)	7129	439835	case_control: effect on case status, positive beta = higher risk
GCST90475877	True	gwas_catalog	Cataract (PheCode 366)	230624	175050	case_control: effect on case status, positive beta = higher risk
GCST90475884	True	gwas_catalog	Amblyopia (PheCode 368.1)	6367	441123	case_control: effect on case status, positive beta = higher risk
GCST90475888	True	gwas_catalog	Inflammation of eyelids (PheCode 371.3)	37507	369186	case_control: effect on case status, positive beta = higher risk
GCST90475895	True	gwas_catalog	Dry eyes (PheCode 375.1)	84262	314374	case_control: effect on case status, positive beta = higher risk
GCST90475897	True	gwas_catalog	Optic neuritis/neuropathy (PheCode 377.3)	4487	442099	case_control: effect on case status, positive beta = higher risk
GCST90475909	True	gwas_catalog	Hearing loss (PheCode 389)	229580	176720	case_control: effect on case status, positive beta = higher risk
GCST90475911	True	gwas_catalog	Sensorineural hearing loss (PheCode 389.1)	191819	210098	case_control: effect on case status, positive beta = higher risk
GCST90475914	True	gwas_catalog	Nonrheumatic aortic valve disorders (PheCode 395.2)	20077	418636	case_control: effect on case status, positive beta = higher risk
GCST90475922	True	gwas_catalog	Essential hypertension (PheCode 401.1)	320429	107275	case_control: effect on case status, positive beta = higher risk
GCST90475924	True	gwas_catalog	Hypertensive heart and/or renal disease (PheCode 401.2)	60962	358617	case_control: effect on case status, positive beta = higher risk
GCST90475929	True	gwas_catalog	Ischemic heart disease (PheCode 411)	141465	275809	case_control: effect on case status, positive beta = higher risk
GCST90475932	True	gwas_catalog	Myocardial infarction (PheCode 411.2)	39074	392979	case_control: effect on case status, positive beta = higher risk
GCST90475936	True	gwas_catalog	Coronary atherosclerosis (PheCode 411.4)	124302	300039	case_control: effect on case status, positive beta = higher risk
GCST90475949	True	gwas_catalog	Cardiomyopathy (PheCode 425)	20680	418334	case_control: effect on case status, positive beta = higher risk
GCST90475963	True	gwas_catalog	Cardiac dysrhythmias (PheCode 427)	147555	247110	case_control: effect on case status, positive beta = higher risk
GCST90475967	True	gwas_catalog	Atrial fibrillation and flutter (PheCode 427.2)	74152	363596	case_control: effect on case status, positive beta = higher risk
GCST90475981	True	gwas_catalog	Congestive heart failure; nonhypertensive (PheCode 428)	58749	370923	case_control: effect on case status, positive beta = higher risk
GCST90475983	True	gwas_catalog	Heart failure with reduced EF [Systolic or combined heart failure] (PheCode 428.3)	31220	407213	case_control: effect on case status, positive beta = higher risk
GCST90475984	True	gwas_catalog	Heart failure with preserved EF [Diastolic heart failure] (PheCode 428.4)	19682	419065	case_control: effect on case status, positive beta = higher risk
GCST90475988	True	gwas_catalog	Cerebral ischemia (PheCode 433.3)	32434	399393	case_control: effect on case status, positive beta = higher risk
GCST90475989	True	gwas_catalog	Atherosclerosis (PheCode 440)	20858	405668	case_control: effect on case status, positive beta = higher risk
GCST90475992	True	gwas_catalog	Other aneurysm (PheCode 442)	24982	414741	case_control: effect on case status, positive beta = higher risk
GCST90475993	True	gwas_catalog	Aortic aneurysm (PheCode 442.1)	22049	419651	case_control: effect on case status, positive beta = higher risk
GCST90475994	True	gwas_catalog	Abdominal aortic aneurysm (PheCode 442.11)	16289	427111	case_control: effect on case status, positive beta = higher risk
GCST90475996	True	gwas_catalog	Peripheral vascular disease	42552	383626	case_control: effect on case status, positive beta = higher risk
GCST90475997	True	gwas_catalog	Raynaud's syndrome (PheCode 443.1)	2156	447847	case_control: effect on case status, positive beta = higher risk
GCST90475999	True	gwas_catalog	Arterial embolism and thrombosis (PheCode 444)	3957	442419	case_control: effect on case status, positive beta = higher risk
GCST90476020	True	gwas_catalog	Chronic sinusitis (PheCode 475)	37381	375242	case_control: effect on case status, positive beta = higher risk
GCST90476021	True	gwas_catalog	Allergic rhinitis (PheCode 476)	92310	311377	case_control: effect on case status, positive beta = higher risk
GCST90476027	True	gwas_catalog	Chronic airway obstruction (PheCode 496)	103054	315450	case_control: effect on case status, positive beta = higher risk
GCST90476028	True	gwas_catalog	Emphysema (PheCode 496.1)	11658	426590	case_control: effect on case status, positive beta = higher risk
GCST90476029	True	gwas_catalog	Chronic bronchitis (PheCode 496.2)	28021	402026	case_control: effect on case status, positive beta = higher risk
GCST90476035	True	gwas_catalog	Respiratory failure, insufficiency, arrest (PheCode 509)	32246	399549	case_control: effect on case status, positive beta = higher risk
GCST90476039	True	gwas_catalog	Other symptoms of respiratory system (PheCode 512)	173161	201912	case_control: effect on case status, positive beta = higher risk
GCST90476045	True	gwas_catalog	Diseases of esophagus (PheCode 530)	189441	223867	case_control: effect on case status, positive beta = higher risk
GCST90476069	True	gwas_catalog	Symptoms involving digestive system (PheCode 561)	60074	337851	case_control: effect on case status, positive beta = higher risk
GCST90476070	True	gwas_catalog	Diarrhea (PheCode 561.1)	47462	359574	case_control: effect on case status, positive beta = higher risk
GCST90476078	True	gwas_catalog	Peritonitis and retroperitoneal infections (PheCode 567)	3646	443301	case_control: effect on case status, positive beta = higher risk
GCST90476084	True	gwas_catalog	Other chronic nonalcoholic liver disease (PheCode 571.5)	29342	403367	case_control: effect on case status, positive beta = higher risk
GCST90476086	True	gwas_catalog	Cirrhosis of liver without mention of alcohol (PheCode 571.51)	13367	433864	case_control: effect on case status, positive beta = higher risk
GCST90476088	True	gwas_catalog	Liver abscess and sequelae of chronic liver disease (PheCode 571.8)	4913	442795	case_control: effect on case status, positive beta = higher risk
GCST90476089	True	gwas_catalog	Portal hypertension (PheCode 571.81)	2905	445920	case_control: effect on case status, positive beta = higher risk
GCST90476118	True	gwas_catalog	Renal failure (PheCode 585)	88771	333750	case_control: effect on case status, positive beta = higher risk
GCST90476119	True	gwas_catalog	Acute renal failure (PheCode 585.1)	42394	382809	case_control: effect on case status, positive beta = higher risk
GCST90476123	True	gwas_catalog	Chronic renal failure [CKD] (PheCode 585.3)	63705	368937	case_control: effect on case status, positive beta = higher risk
GCST90476126	True	gwas_catalog	End stage renal disease (PheCode 585.32)	6017	443098	case_control: effect on case status, positive beta = higher risk
GCST90476136	True	gwas_catalog	Disorders resulting from impaired renal function (PheCode 588)	7038	440105	case_control: effect on case status, positive beta = higher risk
GCST90476139	True	gwas_catalog	Urinary tract infection (PheCode 591)	46012	368445	case_control: effect on case status, positive beta = higher risk
GCST90476153	True	gwas_catalog	Hyperplasia of prostate (PheCode 600)	138928	243435	case_control: effect on case status, positive beta = higher risk
GCST90476155	True	gwas_catalog	Chronic prostatitis (PheCode 601.12)	4320	407658	case_control: effect on case status, positive beta = higher risk
GCST90476160	True	gwas_catalog	Peyronie's disease (PheCode 604.3)	2512	413591	case_control: effect on case status, positive beta = higher risk
GCST90476161	True	gwas_catalog	Erectile dysfunction [ED] (PheCode 605)	110823	271686	case_control: effect on case status, positive beta = higher risk
GCST90476165	True	gwas_catalog	Superficial cellulitis and abscess (PheCode 681)	72843	328574	case_control: effect on case status, positive beta = higher risk
GCST90476171	True	gwas_catalog	Seborrheic dermatitis (PheCode 690.1)	31107	394738	case_control: effect on case status, positive beta = higher risk
GCST90476173	True	gwas_catalog	Dyschromia and Vitiligo (PheCode 694)	14580	409977	case_control: effect on case status, positive beta = higher risk
GCST90476178	True	gwas_catalog	Rosacea (PheCode 695.3)	14815	427372	case_control: effect on case status, positive beta = higher risk
GCST90476182	True	gwas_catalog	Cutaneous lupus erythematosus (PheCode 695.41)	752	450411	case_control: effect on case status, positive beta = higher risk
GCST90476183	True	gwas_catalog	Systemic lupus erythematosus (PheCode 695.42)	1013	449940	case_control: effect on case status, positive beta = higher risk
GCST90476190	True	gwas_catalog	Psoriasis vulgaris (PheCode 696.41)	15635	429252	case_control: effect on case status, positive beta = higher risk
GCST90476200	True	gwas_catalog	Keloid scar (PheCode 701.4)	2079	444929	case_control: effect on case status, positive beta = higher risk
GCST90476202	True	gwas_catalog	Degenerative skin conditions and other dermatoses (PheCode 702)	133983	263761	case_control: effect on case status, positive beta = higher risk
GCST90476204	True	gwas_catalog	Actinic keratosis (PheCode 702.1)	97501	314618	case_control: effect on case status, positive beta = higher risk
GCST90476207	True	gwas_catalog	Diseases of nail, NOS (PheCode 703)	41535	382219	case_control: effect on case status, positive beta = higher risk
GCST90476238	True	gwas_catalog	Degeneration of intervertebral disc (PheCode 722.6)	58556	352595	case_control: effect on case status, positive beta = higher risk
GCST90476242	True	gwas_catalog	Synovitis and tenosynovitis (PheCode 727.1)	23077	408046	case_control: effect on case status, positive beta = higher risk
GCST90476245	True	gwas_catalog	Contracture of palmar fascia [Dupuytren's disease] (PheCode 728.71)	7037	440326	case_control: effect on case status, positive beta = higher risk
GCST90476247	True	gwas_catalog	Acquired foot deformities (PheCode 735)	60833	355434	case_control: effect on case status, positive beta = higher risk
GCST90476258	True	gwas_catalog	Osteoporosis, osteopenia and pathological fracture (PheCode 743)	37640	391860	case_control: effect on case status, positive beta = higher risk
GCST90476259	True	gwas_catalog	Osteoporosis (PheCode 743.1)	20117	422420	case_control: effect on case status, positive beta = higher risk
GCST90476272	True	gwas_catalog	Edema (PheCode 782.3)	65194	340272	case_control: effect on case status, positive beta = higher risk
GCST90476274	True	gwas_catalog	Other abnormal blood chemistry (PheCode 790.6)	27050	380166	case_control: effect on case status, positive beta = higher risk
GCST90476289	True	gwas_catalog	Atopic/contact dermatitis due to other or unspecified (PheCode 939)	66194	325245	case_control: effect on case status, positive beta = higher risk
GCST90476745	True	gwas_catalog	Irritable bowel syndrome (IBS)	15794	299874	case_control: effect on case status, positive beta = higher risk
GCST90476951	True	gwas_catalog	Other nervous system problem	18514	297154	case_control: effect on case status, positive beta = higher risk
GCST90476965	True	gwas_catalog	Spinal cord injury	21201	294467	case_control: effect on case status, positive beta = higher risk
GCST90476971	True	gwas_catalog	Traumatic brain injury (TBI)	10560	305108	case_control: effect on case status, positive beta = higher risk
GCST90477023	True	gwas_catalog	Gram negative septicemia (PheCode 38.1)	2457	444598	case_control: effect on case status, positive beta = higher risk
GCST90477037	True	gwas_catalog	Methicillin resistant Staphylococcus aureus (PheCode 41.12)	4190	441239	case_control: effect on case status, positive beta = higher risk
GCST90477044	True	gwas_catalog	Helicobacter pylori infection  (PheCode 041.8)	2565	444731	case_control: effect on case status, positive beta = higher risk
GCST90477048	True	gwas_catalog	Herpes zoster (PheCode 53)	11523	421571	case_control: effect on case status, positive beta = higher risk
GCST90477056	True	gwas_catalog	Viral hepatitis B (PheCode 70.2)	2229	447136	case_control: effect on case status, positive beta = higher risk
GCST90477078	True	gwas_catalog	Burns (PheCode 1000)	4648	439143	case_control: effect on case status, positive beta = higher risk
GCST90477122	True	gwas_catalog	Complications of surgical and medical procedures (PheCode 1011)	10713	420922	case_control: effect on case status, positive beta = higher risk
GCST90477164	True	gwas_catalog	Other infectious and parasitic diseases (PheCode 136)	4222	435827	case_control: effect on case status, positive beta = higher risk
GCST90477166	True	gwas_catalog	Cancer of mouth (PheCode 145)	4538	444158	case_control: effect on case status, positive beta = higher risk
GCST90477167	True	gwas_catalog	Cancer of tongue (PheCode 145.2)	1977	448582	case_control: effect on case status, positive beta = higher risk
GCST90477168	True	gwas_catalog	Cancer of major salivary glands (PheCode 145.3)	864	450063	case_control: effect on case status, positive beta = higher risk
GCST90477170	True	gwas_catalog	Cancer of larynx, pharynx, nasal cavities (PheCode 149)	5329	444093	case_control: effect on case status, positive beta = higher risk
GCST90477173	True	gwas_catalog	Cancer of larynx (PheCode 149.4)	2291	448301	case_control: effect on case status, positive beta = higher risk
GCST90477174	True	gwas_catalog	Cancer of esophagus (PheCode 150)	2058	448337	case_control: effect on case status, positive beta = higher risk
GCST90477187	True	gwas_catalog	Neoplasm of unspecified nature of digestive system (PheCode 158)	2136	444124	case_control: effect on case status, positive beta = higher risk
GCST90477203	True	gwas_catalog	Cervical cancer and dysplasia (PheCode 180)	1775	30185	case_control: effect on case status, positive beta = higher risk
GCST90477211	True	gwas_catalog	Malignant neoplasm of renal pelvis (PheCode 189.12)	1216	449113	case_control: effect on case status, positive beta = higher risk
GCST90477217	True	gwas_catalog	Manlignant and unknown neoplasms of brain and nervous system (PheCode 191)	2157	447268	case_control: effect on case status, positive beta = higher risk
GCST90477218	True	gwas_catalog	Cancer of brain and nervous system (PheCode 191.1)	1417	448701	case_control: effect on case status, positive beta = higher risk
GCST90477247	True	gwas_catalog	Non-Hodgkins lymphoma (PheCode 202.2)	5910	443358	case_control: effect on case status, positive beta = higher risk
GCST90477252	True	gwas_catalog	Neuroendocrine tumors (PheCode 209)	540	450490	case_control: effect on case status, positive beta = higher risk
GCST90477281	True	gwas_catalog	Benign neoplasm of male genital organs (PheCode 222)	4294	405920	case_control: effect on case status, positive beta = higher risk
GCST90477292	True	gwas_catalog	Benign neoplasm of pituitary gland and craniopharyngeal duct (pouch) (PheCode 227.3)	1976	448974	case_control: effect on case status, positive beta = higher risk
GCST90477334	True	gwas_catalog	Disorders of the pituitary gland and its hypothalamic control (PheCode 253)	6179	439651	case_control: effect on case status, positive beta = higher risk
GCST90477367	True	gwas_catalog	Mineral deficiency NEC (PheCode 262)	2398	444793	case_control: effect on case status, positive beta = higher risk
GCST90477374	True	gwas_catalog	Disorders of amino acid metabolism (PheCode 270.2)	2368	444815	case_control: effect on case status, positive beta = higher risk
GCST90477545	True	gwas_catalog	Hemiplegia (PheCode 342)	2372	445320	case_control: effect on case status, positive beta = higher risk
GCST90477551	True	gwas_catalog	Epilepsy, recurrent seizures, convulsions (PheCode 345)	18387	422493	case_control: effect on case status, positive beta = higher risk
GCST90477582	True	gwas_catalog	Lack of coordination (PheCode 350.3)	5047	438589	case_control: effect on case status, positive beta = higher risk
GCST90477616	True	gwas_catalog	Progressive myopia (PheCode 360.2)	660	449307	case_control: effect on case status, positive beta = higher risk
GCST90477644	True	gwas_catalog	Hereditary retinal dystrophies (PheCode 362.7)	1913	445867	case_control: effect on case status, positive beta = higher risk
GCST90477735	True	gwas_catalog	Uveitis, noninfectious or NOS (PheCode 371.1)	4512	443739	case_control: effect on case status, positive beta = higher risk
GCST90477776	True	gwas_catalog	Other disorders of eye (PheCode 379)	60999	343116	case_control: effect on case status, positive beta = higher risk
GCST90477778	True	gwas_catalog	Scleritis and episcleritis (PheCode 379.1)	1083	449340	case_control: effect on case status, positive beta = higher risk
GCST90477893	True	gwas_catalog	Pericarditis (PheCode 420.2)	3729	442899	case_control: effect on case status, positive beta = higher risk
GCST90477896	True	gwas_catalog	Endocarditis (PheCode 420.3)	3358	443352	case_control: effect on case status, positive beta = higher risk
GCST90477980	True	gwas_catalog	Subdural hemorrhage (PheCode 430.3)	1796	448579	case_control: effect on case status, positive beta = higher risk
GCST90477996	True	gwas_catalog	Transient cerebral ischemia (PheCode 433.31)	30878	402820	case_control: effect on case status, positive beta = higher risk
GCST90478054	True	gwas_catalog	Hypotension (PheCode 458)	38699	374548	case_control: effect on case status, positive beta = higher risk
GCST90478057	True	gwas_catalog	Orthostatic hypotension (PheCode 458.1)	13638	418629	case_control: effect on case status, positive beta = higher risk
GCST90478110	True	gwas_catalog	Epistaxis or throat hemorrhage (PheCode 477)	9294	431242	case_control: effect on case status, positive beta = higher risk
GCST90478121	True	gwas_catalog	Pneumococcal pneumonia (PheCode 480.11)	2142	443539	case_control: effect on case status, positive beta = higher risk
GCST90478130	True	gwas_catalog	Acute bronchitis and bronchiolitis (PheCode 483)	35632	361877	case_control: effect on case status, positive beta = higher risk
GCST90478153	True	gwas_catalog	Pneumonitis due to inhalation of food or vomitus (PheCode 501)	3326	441653	case_control: effect on case status, positive beta = higher risk
GCST90478161	True	gwas_catalog	Empyema and pneumothorax (PheCode 506)	4202	442977	case_control: effect on case status, positive beta = higher risk
GCST90478256	True	gwas_catalog	Gingivitis (PheCode 523.1)	24224	409399	case_control: effect on case status, positive beta = higher risk
GCST90478260	True	gwas_catalog	Periodontitis (acute or chronic) (PheCode 523.3)	34270	396445	case_control: effect on case status, positive beta = higher risk
GCST90478266	True	gwas_catalog	Chronic periodontitis (PheCode 523.32)	19642	417860	case_control: effect on case status, positive beta = higher risk
GCST90478353	True	gwas_catalog	Duodenitis (PheCode 535.6)	2115	441450	case_control: effect on case status, positive beta = higher risk
GCST90478363	True	gwas_catalog	Gastroparesis (PheCode 536.3)	2813	446383	case_control: effect on case status, positive beta = higher risk
GCST90478419	True	gwas_catalog	Flatulence (PheCode 561.2)	5831	431021	case_control: effect on case status, positive beta = higher risk
GCST90478541	True	gwas_catalog	Renal osteodystrophy (PheCode 588.1)	1646	448422	case_control: effect on case status, positive beta = higher risk
GCST90478551	True	gwas_catalog	Cystitis and urethritis (PheCode 592)	5889	432625	case_control: effect on case status, positive beta = higher risk
GCST90478614	True	gwas_catalog	Inflammatory diseases of prostate (PheCode 601)	19654	375746	case_control: effect on case status, positive beta = higher risk
GCST90478640	True	gwas_catalog	Redundant prepuce and phimosis/BXO (PheCode 604.1)	3269	412428	case_control: effect on case status, positive beta = higher risk
GCST90478649	True	gwas_catalog	Male infertility and abnormal spermatozoa (PheCode 609)	2562	411606	case_control: effect on case status, positive beta = higher risk
GCST90478795	True	gwas_catalog	Prurigo and Lichen (PheCode 695.7)	7448	432972	case_control: effect on case status, positive beta = higher risk
GCST90478973	True	gwas_catalog	Aseptic necrosis of bone (PheCode 733.4)	2789	446686	case_control: effect on case status, positive beta = higher risk
GCST90479124	True	gwas_catalog	Muscular wasting and disuse atrophy (PheCode 772.1)	1446	447120	case_control: effect on case status, positive beta = higher risk
GCST90479178	True	gwas_catalog	Chronic fatigue syndrome (PheCode 798.1)	3891	439202	case_control: effect on case status, positive beta = higher risk
GCST90479186	True	gwas_catalog	Fracture of neck of femur (PheCode 800.1)	3892	445666	case_control: effect on case status, positive beta = higher risk
GCST90479202	True	gwas_catalog	Fracture of humerus (PheCode 803.1)	4302	445275	case_control: effect on case status, positive beta = higher risk
GCST90479210	True	gwas_catalog	Fracture of vertebral column without mention of spinal cord injury (PheCode 805)	7763	437280	case_control: effect on case status, positive beta = higher risk
GCST90479216	True	gwas_catalog	Fracture of unspecified bones (PheCode 809)	7159	433444	case_control: effect on case status, positive beta = higher risk
GCST90479312	True	gwas_catalog	Allergies, other (PheCode 949)	11331	419455	case_control: effect on case status, positive beta = higher risk
GCST90479317	True	gwas_catalog	Poisoning by antibiotics (PheCode 960)	2545	441434	case_control: effect on case status, positive beta = higher risk
GCST90479399	True	gwas_catalog	Biological Sibling: Bipolar Disorder	9375	306293	case_control: effect on case status, positive beta = higher risk
GCST90479424	True	gwas_catalog	Other Arthritis	71811	243857	case_control: effect on case status, positive beta = higher risk
GCST90479433	True	gwas_catalog	Rheumatoid arthritis (PheCode 714.1)	25533	290135	case_control: effect on case status, positive beta = higher risk
GCST90479471	True	gwas_catalog	Other tobacco products	7547	183130	case_control: effect on case status, positive beta = higher risk
GCST90502823	True	gwas_catalog	Lewy body dementia (conditioned on APOE E4 dosage)	2591	4023	case_control: effect on case status, positive beta = higher risk
GCST90503274	True	gwas_catalog	Pancreatic cancer (Gene-based burden)	1081	418226	case_control: effect on case status, positive beta = higher risk
GCST90503483	True	gwas_catalog	Sarcoidosis	7554	1367006	case_control: effect on case status, positive beta = higher risk
GCST90558092	True	gwas_catalog	Multiple sclerosis	16381	343623	case_control: effect on case status, positive beta = higher risk
GCST90558100	True	gwas_catalog	Systemic lupus erythematosus	6547	648130	case_control: effect on case status, positive beta = higher risk
GCST90558311	True	gwas_catalog	FTLD-TDP	985	3153	case_control: effect on case status, positive beta = higher risk
GCST90565871	True	gwas_catalog	Major depressive disorder x sex interaction (full X chromosome dosage compensation)	195276	291706	case_control: effect on case status, positive beta = higher risk
GCST90568461	True	gwas_catalog	Uveal melanoma	2426	351961	case_control: effect on case status, positive beta = higher risk
GCST90624413	True	gwas_catalog	Atrial fibrillation	192851	1239541	case_control: effect on case status, positive beta = higher risk
GCST90624738	True	gwas_catalog	Chronic lymphocytic leukemia	4442	1104335	case_control: effect on case status, positive beta = higher risk
GCST90624739	True	gwas_catalog	Diffuse large B-cell lymphoma	2280	656255	case_control: effect on case status, positive beta = higher risk
GCST90624741	True	gwas_catalog	Follicular lymphoma	1727	656255	case_control: effect on case status, positive beta = higher risk
GCST90624742	True	gwas_catalog	Hodgkin's lymphoma	2113	1106048	case_control: effect on case status, positive beta = higher risk
GCST90624743	True	gwas_catalog	Lymphoid neoplasms	31937	1226816	case_control: effect on case status, positive beta = higher risk
GCST90624746	True	gwas_catalog	Multiple myeloma or monoclonal gammopathy of undetermined significance	9609	1223020	case_control: effect on case status, positive beta = higher risk
GCST90624748	True	gwas_catalog	Marginal zone lymphoma	623	656255	case_control: effect on case status, positive beta = higher risk
GCST90627763	True	gwas_catalog	Thyroid cancer	14764	2091602	case_control: effect on case status, positive beta = higher risk
GCST90652488	True	gwas_catalog	Keloid	4086	1278496	case_control: effect on case status, positive beta = higher risk
GCST90652529	True	gwas_catalog	Asthma or chronic rhinosinusitis	88965	685602	case_control: effect on case status, positive beta = higher risk
GCST90652531	True	gwas_catalog	Chronic rhinosinusitis with nasal polyposis	9626	685602	case_control: effect on case status, positive beta = higher risk
GCST90652532	True	gwas_catalog	Chronic rhinosinusitis without nasal polyposis	15448	685602	case_control: effect on case status, positive beta = higher risk
GCST90668013	True	gwas_catalog	Heart failure (MTAG)	95524	1270968	case_control: effect on case status, positive beta = higher risk
GCST90691954	True	gwas_catalog	Other mental disorder (PheCode 306)	39711	369930	case_control: effect on case status, positive beta = higher risk
GCST90691987	True	gwas_catalog	Poisoning by antibiotics (PheCode 960)	23061	383239	case_control: effect on case status, positive beta = higher risk
GCST90693229	True	gwas_catalog	Metabolic syndrome (inferred from medication usage records)	82309	289365	case_control: effect on case status, positive beta = higher risk
GCST90709865	True	gwas_catalog	Cleft lip with or without cleft palate	1367	7913	case_control: effect on case status, positive beta = higher risk
GCST90726344	True	gwas_catalog	Major depressive disorder	151582	362873	case_control: effect on case status, positive beta = higher risk
GCST90728695	True	gwas_catalog	Heart failure	139533	1568809	case_control: effect on case status, positive beta = higher risk
GCST90824163	True	gwas_catalog	Type 1 diabetes	20355	797363	case_control: effect on case status, positive beta = higher risk
GCST90833077	True	gwas_catalog	Lung adenocarcinoma	13882	939135	case_control: effect on case status, positive beta = higher risk
GCST90833078	True	gwas_catalog	Squamous cell lung carcinoma	8537	939135	case_control: effect on case status, positive beta = higher risk
GCST90833079	True	gwas_catalog	Lung cancer	50597	1373732	case_control: effect on case status, positive beta = higher risk
GCST90837201	True	gwas_catalog	Rheumatoid arthritis	26251	431261	case_control: effect on case status, positive beta = higher risk
GCST90859376	True	gwas_catalog	Fibromyalgia	4773	211196	case_control: effect on case status, positive beta = higher risk
GCST90860916	True	gwas_catalog	Self-reported food allergy	5048	34816	case_control: effect on case status, positive beta = higher risk
GCST90984755	True	gwas_catalog	Idiopathic pulmonary fibrosis	5159	27459	case_control: effect on case status, positive beta = higher risk
ebi-a-GCST90018785	True	opengwas	Autoimmune hepatitis	821	484413	case_control: effect on case status, positive beta = higher risk
ebi-a-GCST90018794	True	opengwas	Aplastic anemia	4128	469372	case_control: effect on case status, positive beta = higher risk
ebi-a-GCST90018803	True	opengwas	Hepatic bile duct cancer	832	475259	case_control: effect on case status, positive beta = higher risk
ebi-a-GCST90018834	True	opengwas	Dilated cardiomyopathy	1444	353937	case_control: effect on case status, positive beta = higher risk
ebi-a-GCST90018841	True	opengwas	Esophageal cancer	998	475308	case_control: effect on case status, positive beta = higher risk
ebi-a-GCST90018849	True	opengwas	Gastric cancer	1029	475087	case_control: effect on case status, positive beta = higher risk
ebi-a-GCST90018865	True	opengwas	Idiopathic thrombocytopenic purpura	675	488749	case_control: effect on case status, positive beta = higher risk
ebi-a-GCST90018929	True	opengwas	Thyroid cancer	1054	490920	case_control: effect on case status, positive beta = higher risk
finn-b-C3_COLORECTAL	True	opengwas	Colorectal cancer	3022	215770	case_control: effect on case status, positive beta = higher risk
finn-b-C3_LUNG_NONSMALL	True	opengwas	Non-small cell lung cancer	1627	217165	case_control: effect on case status, positive beta = higher risk
finn-b-DM_KETOACIDOSIS	True	opengwas	Diabetic ketoacidosis	4510	162201	case_control: effect on case status, positive beta = higher risk
finn-b-G6_STATUSEPI	True	opengwas	Status epilepticus	532	176107	case_control: effect on case status, positive beta = higher risk
finn-b-GLOMER_NEPHRITIS	True	opengwas	Glomerulonephritis	4613	214179	case_control: effect on case status, positive beta = higher risk
finn-b-I9_PAD	True	opengwas	Peripheral artery disease	7098	206541	case_control: effect on case status, positive beta = higher risk
finn-b-I9_VHD	True	opengwas	Valvular heart disease including rheumatic fever	38209	156711	case_control: effect on case status, positive beta = higher risk
finn-b-ILD_ENDPOINTS	True	opengwas	Interstitial lung disease endpoints	21806	196986	case_control: effect on case status, positive beta = higher risk
finn-b-R18_FAECAL_INCONTINENCE	True	opengwas	Faecal incontinence	1197	161968	case_control: effect on case status, positive beta = higher risk
finn-b-ST19_CONCUSSION	True	opengwas	Concussion	10527	136576	case_control: effect on case status, positive beta = higher risk
finn-b-STILL_ADULT	True	opengwas	Adult-onset Still disease	3403	198544	case_control: effect on case status, positive beta = higher risk
ieu-a-816	True	opengwas	Neuroblastoma	1627	3254	case_control: effect on case status, positive beta = higher risk
ieu-a-975	True	opengwas	Paget's disease	741	2699	case_control: effect on case status, positive beta = higher risk
ieu-a-989	True	opengwas	Squamous cell lung cancer	7704	54763	case_control: effect on case status, positive beta = higher risk
ieu-b-4874	True	opengwas	Bladder cancer	1279	372016	case_control: effect on case status, positive beta = higher risk
